<?xml version="1.0" encoding="utf-8" standalone="yes" ?>
<rss version="2.0" xmlns:atom="http://www.w3.org/2005/Atom">
  <channel>
    <title>Authors | Romualdi Lab</title>
    <link>/authors/</link>
      <atom:link href="/authors/index.xml" rel="self" type="application/rss+xml" />
    <description>Authors</description>
    <generator>Wowchemy (https://wowchemy.com)</generator><language>en-us</language><copyright>© Research Group</copyright><lastBuildDate>Fri, 01 Jan 2021 00:00:00 +0000</lastBuildDate>
    <image>
      <url>/images/icon_hud8b169d6400d4e9e77db720aa3284c6d_12325_512x512_fill_lanczos_center_2.png</url>
      <title>Authors</title>
      <link>/authors/</link>
    </image>
    
  </channel>
</rss>
