<?xml version="1.0" encoding="utf-8" standalone="yes" ?>
<rss version="2.0" xmlns:atom="http://www.w3.org/2005/Atom">
  <channel>
    <title>software | Romualdi Lab</title>
    <link>/software/</link>
      <atom:link href="/software/index.xml" rel="self" type="application/rss+xml" />
    <description>software</description>
    <generator>Wowchemy (https://wowchemy.com)</generator><language>en-us</language><copyright>© Research Group</copyright><lastBuildDate>Tue, 06 Apr 2021 18:00:16 +0200</lastBuildDate>
    <image>
      <url>/images/icon_hud8b169d6400d4e9e77db720aa3284c6d_12325_512x512_fill_lanczos_center_2.png</url>
      <title>software</title>
      <link>/software/</link>
    </image>
    
    <item>
      <title>GraphiteWeb</title>
      <link>/software/graphiteweb/</link>
      <pubDate>Tue, 06 Apr 2021 18:00:16 +0200</pubDate>
      <guid>/software/graphiteweb/</guid>
      <description>
&lt;script src=&#34;/software/graphiteweb/index.en_files/header-attrs/header-attrs.js&#34;&gt;&lt;/script&gt;


&lt;p&gt;Graphite web is a public web server for the analysis and visualization of biological pathways using high-throughput gene expression data. It supports five different gene set analysis, three species and two databases of pathways. Graphite web has a powerful pathway visualization that makes results interpretation easily accessible to the user.&lt;/p&gt;
&lt;div id=&#34;references&#34; class=&#34;section level1&#34;&gt;
&lt;h1&gt;References&lt;/h1&gt;
&lt;p&gt;Graphite Web: web tool for gene set analysis exploiting pathway topology
Sales G, Calura E, Martini P, Romualdi C (2013). MAGIA, a web-based tool for miRNA and Genes Integrated Analysis.Nucleic Acids Res,(Web Server issue)[PMID: 23666626].&lt;/p&gt;
&lt;/div&gt;
</description>
    </item>
    
    <item>
      <title>graphite</title>
      <link>/software/graphite/</link>
      <pubDate>Tue, 06 Apr 2021 17:40:48 +0200</pubDate>
      <guid>/software/graphite/</guid>
      <description>
&lt;script src=&#34;/software/graphite/index.en_files/header-attrs/header-attrs.js&#34;&gt;&lt;/script&gt;


&lt;div id=&#34;description&#34; class=&#34;section level1&#34;&gt;
&lt;h1&gt;Description&lt;/h1&gt;
&lt;p&gt;&lt;strong&gt;Graphite&lt;/strong&gt; (GRAPH Interaction from pathway Topological Environment) is a computational framework to store, parse and convert pathway topologies to molecular networks.&lt;/p&gt;
&lt;p&gt;Graphite framework is divided in two main steps:&lt;/p&gt;
&lt;ul&gt;
&lt;li&gt;The conversion procedure that create the networks,&lt;/li&gt;
&lt;li&gt;The &lt;a href=&#34;https://bioconductor.org/packages/release/bioc/html/graphite.html&#34;&gt;BioC package&lt;/a&gt; that allows the use and the analyses of the network.&lt;/li&gt;
&lt;/ul&gt;
&lt;p&gt;The Conversion Procedure is written in Aschel and is a custom in-house software.&lt;/p&gt;
&lt;/div&gt;
&lt;div id=&#34;references&#34; class=&#34;section level1&#34;&gt;
&lt;h1&gt;References:&lt;/h1&gt;
&lt;p&gt;Sales G, Calura E, Romualdi C. metaGraphite-a new layer of pathway annotation
to get metabolite networks. Bioinformatics. 2019 Apr 1;35(7):1258-1260. doi:
10.1093/bioinformatics/bty719. PMID: 30184047.&lt;/p&gt;
&lt;p&gt;graphite – GRAPH representation In Topological Environment
Sales G, Calura E, Cavalieri D, Romualdi C. (2012) graphite – a Bioconductor package to convert pathway topology to gene network. BMC Bioinformatics. Jan 31;13:20.[&lt;a href=&#34;PMID:22292714&#34; class=&#34;uri&#34;&gt;PMID:22292714&lt;/a&gt;]&lt;/p&gt;
&lt;/div&gt;
</description>
    </item>
    
    <item>
      <title>MOSCLIP</title>
      <link>/software/mosclip/</link>
      <pubDate>Tue, 06 Apr 2021 00:00:00 +0000</pubDate>
      <guid>/software/mosclip/</guid>
      <description>
&lt;script src=&#34;/software/mosclip/index_files/header-attrs/header-attrs.js&#34;&gt;&lt;/script&gt;


&lt;div id=&#34;multi-omics-survival-clip&#34; class=&#34;section level1&#34;&gt;
&lt;h1&gt;Multi Omics Survival Clip&lt;/h1&gt;
&lt;p&gt;&lt;strong&gt;MOSClip&lt;/strong&gt; is a new method that combines survival analysis and graphical model theory to test the survival association of pathways or of their connected components in a multi-omic framework. Multi-omic gene measurements are tested as covariates of a Cox proportional hazard model after dimensionality reduction of data. The final goal is to find the biological processes impacting the patient’s survival.&lt;/p&gt;
&lt;/div&gt;
&lt;div id=&#34;references&#34; class=&#34;section level1&#34;&gt;
&lt;h1&gt;References&lt;/h1&gt;
&lt;p&gt;Martini P, Chiogna M, Calura E, Romualdi C. MOSClip: multi-omic and survival
pathway analysis for the identification of survival associated gene and modules.
Nucleic Acids Res. 2019 Aug 22;47(14):e80. doi: 10.1093/nar/gkz324. PMID:
31049575;&lt;/p&gt;
&lt;/div&gt;
</description>
    </item>
    
    <item>
      <title>SourceSet</title>
      <link>/software/sourceset/</link>
      <pubDate>Tue, 06 Apr 2021 00:00:00 +0000</pubDate>
      <guid>/software/sourceset/</guid>
      <description></description>
    </item>
    
  </channel>
</rss>
