<?xml version="1.0" encoding="utf-8" standalone="yes" ?>
<rss version="2.0" xmlns:atom="http://www.w3.org/2005/Atom">
  <channel>
    <title>Research Projects | Romualdi Lab</title>
    <link>/post/</link>
      <atom:link href="/post/index.xml" rel="self" type="application/rss+xml" />
    <description>Research Projects</description>
    <generator>Wowchemy (https://wowchemy.com)</generator><language>en-us</language><copyright>© Research Group</copyright><lastBuildDate>Wed, 02 Dec 2020 00:00:00 +0000</lastBuildDate>
    <image>
      <url>/images/icon_hud8b169d6400d4e9e77db720aa3284c6d_12325_512x512_fill_lanczos_center_2.png</url>
      <title>Research Projects</title>
      <link>/post/</link>
    </image>
    
    <item>
      <title>Jian Yang and Monica Hall Win the Best Paper Award at Wowchemy 2020</title>
      <link>/post/20-12-02-icml-best-paper/</link>
      <pubDate>Wed, 02 Dec 2020 00:00:00 +0000</pubDate>
      <guid>/post/20-12-02-icml-best-paper/</guid>
      <description>&lt;p&gt;Congratulations to Jian Yang and Monica Hall for winning the Best Paper Award at the 2020 Conference on Wowchemy for their paper “Learning Wowchemy”.&lt;/p&gt;
&lt;p&gt;Lorem ipsum dolor sit amet, consectetur adipiscing elit. Integer tempus augue non tempor egestas. Proin nisl nunc, dignissim in accumsan dapibus, auctor ullamcorper neque. Quisque at elit felis. Vestibulum ante ipsum primis in faucibus orci luctus et ultrices posuere cubilia curae; Aenean eget elementum odio. Cras interdum eget risus sit amet aliquet. In volutpat, nisl ut fringilla dignissim, arcu nisl suscipit ante, at accumsan sapien nisl eu eros.&lt;/p&gt;
&lt;p&gt;Sed eu dui nec ligula bibendum dapibus. Nullam imperdiet auctor tortor, vel cursus mauris malesuada non. Quisque ultrices euismod dapibus. Aenean sed gravida risus. Sed nisi tortor, vulputate nec quam non, placerat porta nisl. Nunc varius lobortis urna, condimentum facilisis ipsum molestie eu. Ut molestie eleifend ligula sed dignissim. Duis ut tellus turpis. Praesent tincidunt, nunc sed congue malesuada, mauris enim maximus massa, eget interdum turpis urna et ante. Morbi sem nisl, cursus quis mollis et, interdum luctus augue. Aliquam laoreet, leo et accumsan tincidunt, libero neque aliquet lectus, a ultricies lorem mi a orci.&lt;/p&gt;
&lt;p&gt;Mauris dapibus sem vel magna convallis laoreet. Donec in venenatis urna, vitae sodales odio. Praesent tortor diam, varius non luctus nec, bibendum vel est. Quisque id sem enim. Maecenas at est leo. Vestibulum tristique pellentesque ex, blandit placerat nunc eleifend sit amet. Fusce eget lectus bibendum, accumsan mi quis, luctus sem. Etiam vitae nulla scelerisque, eleifend odio in, euismod quam. Etiam porta ullamcorper massa, vitae gravida turpis euismod quis. Mauris sodales sem ac ultrices viverra. In placerat ultrices sapien. Suspendisse eu arcu hendrerit, luctus tortor cursus, maximus dolor. Proin et velit et quam gravida dapibus. Donec blandit justo ut consequat tristique.&lt;/p&gt;</description>
    </item>
    
    <item>
      <title>Richard Hendricks Wins First Place in the Wowchemy Prize</title>
      <link>/post/20-12-01-wowchemy-prize/</link>
      <pubDate>Tue, 01 Dec 2020 00:00:00 +0000</pubDate>
      <guid>/post/20-12-01-wowchemy-prize/</guid>
      <description>&lt;p&gt;Congratulations to Richard Hendricks for winning first place in the Wowchemy Prize.&lt;/p&gt;
&lt;p&gt;Lorem ipsum dolor sit amet, consectetur adipiscing elit. Integer tempus augue non tempor egestas. Proin nisl nunc, dignissim in accumsan dapibus, auctor ullamcorper neque. Quisque at elit felis. Vestibulum ante ipsum primis in faucibus orci luctus et ultrices posuere cubilia curae; Aenean eget elementum odio. Cras interdum eget risus sit amet aliquet. In volutpat, nisl ut fringilla dignissim, arcu nisl suscipit ante, at accumsan sapien nisl eu eros.&lt;/p&gt;
&lt;p&gt;Sed eu dui nec ligula bibendum dapibus. Nullam imperdiet auctor tortor, vel cursus mauris malesuada non. Quisque ultrices euismod dapibus. Aenean sed gravida risus. Sed nisi tortor, vulputate nec quam non, placerat porta nisl. Nunc varius lobortis urna, condimentum facilisis ipsum molestie eu. Ut molestie eleifend ligula sed dignissim. Duis ut tellus turpis. Praesent tincidunt, nunc sed congue malesuada, mauris enim maximus massa, eget interdum turpis urna et ante. Morbi sem nisl, cursus quis mollis et, interdum luctus augue. Aliquam laoreet, leo et accumsan tincidunt, libero neque aliquet lectus, a ultricies lorem mi a orci.&lt;/p&gt;
&lt;p&gt;Mauris dapibus sem vel magna convallis laoreet. Donec in venenatis urna, vitae sodales odio. Praesent tortor diam, varius non luctus nec, bibendum vel est. Quisque id sem enim. Maecenas at est leo. Vestibulum tristique pellentesque ex, blandit placerat nunc eleifend sit amet. Fusce eget lectus bibendum, accumsan mi quis, luctus sem. Etiam vitae nulla scelerisque, eleifend odio in, euismod quam. Etiam porta ullamcorper massa, vitae gravida turpis euismod quis. Mauris sodales sem ac ultrices viverra. In placerat ultrices sapien. Suspendisse eu arcu hendrerit, luctus tortor cursus, maximus dolor. Proin et velit et quam gravida dapibus. Donec blandit justo ut consequat tristique.&lt;/p&gt;</description>
    </item>
    
  </channel>
</rss>
