<?xml version="1.0" encoding="utf-8" standalone="yes" ?>
<rss version="2.0" xmlns:atom="http://www.w3.org/2005/Atom">
  <channel>
    <title>Categories | Romualdi Lab</title>
    <link>/categories/</link>
      <atom:link href="/categories/index.xml" rel="self" type="application/rss+xml" />
    <description>Categories</description>
    <generator>Wowchemy (https://wowchemy.com)</generator><language>en-us</language><copyright>© Research Group</copyright><lastBuildDate>Tue, 06 Apr 2021 17:40:48 +0200</lastBuildDate>
    <image>
      <url>/images/icon_hud8b169d6400d4e9e77db720aa3284c6d_12325_512x512_fill_lanczos_center_2.png</url>
      <title>Categories</title>
      <link>/categories/</link>
    </image>
    
  </channel>
</rss>
