<?xml version="1.0" encoding="utf-8" standalone="yes" ?>
<rss version="2.0" xmlns:atom="http://www.w3.org/2005/Atom">
  <channel>
    <title>Romualdi Lab</title>
    <link>/</link>
      <atom:link href="/index.xml" rel="self" type="application/rss+xml" />
    <description>Romualdi Lab</description>
    <generator>Wowchemy (https://wowchemy.com)</generator><language>en-us</language><copyright>© Research Group</copyright><lastBuildDate>Sat, 01 Jun 2030 13:00:00 +0000</lastBuildDate>
    <image>
      <url>/images/icon_hud8b169d6400d4e9e77db720aa3284c6d_12325_512x512_fill_lanczos_center_2.png</url>
      <title>Romualdi Lab</title>
      <link>/</link>
    </image>
    
    <item>
      <title>Example Event</title>
      <link>/event/example/</link>
      <pubDate>Sat, 01 Jun 2030 13:00:00 +0000</pubDate>
      <guid>/event/example/</guid>
      <description>&lt;p&gt;Slides can be added in a few ways:&lt;/p&gt;
&lt;ul&gt;
&lt;li&gt;&lt;strong&gt;Create&lt;/strong&gt; slides using Wowchemy&amp;rsquo;s &lt;a href=&#34;https://wowchemy.com/docs/managing-content/#create-slides&#34; target=&#34;_blank&#34; rel=&#34;noopener&#34;&gt;&lt;em&gt;Slides&lt;/em&gt;&lt;/a&gt; feature and link using &lt;code&gt;slides&lt;/code&gt; parameter in the front matter of the talk file&lt;/li&gt;
&lt;li&gt;&lt;strong&gt;Upload&lt;/strong&gt; an existing slide deck to &lt;code&gt;static/&lt;/code&gt; and link using &lt;code&gt;url_slides&lt;/code&gt; parameter in the front matter of the talk file&lt;/li&gt;
&lt;li&gt;&lt;strong&gt;Embed&lt;/strong&gt; your slides (e.g. Google Slides) or presentation video on this page using &lt;a href=&#34;https://wowchemy.com/docs/writing-markdown-latex/&#34; target=&#34;_blank&#34; rel=&#34;noopener&#34;&gt;shortcodes&lt;/a&gt;.&lt;/li&gt;
&lt;/ul&gt;
&lt;p&gt;Further event details, including page elements such as image galleries, can be added to the body of this page.&lt;/p&gt;
</description>
    </item>
    
    <item>
      <title>GraphiteWeb</title>
      <link>/software/graphiteweb/</link>
      <pubDate>Tue, 06 Apr 2021 18:00:16 +0200</pubDate>
      <guid>/software/graphiteweb/</guid>
      <description>
&lt;script src=&#34;/software/graphiteweb/index.en_files/header-attrs/header-attrs.js&#34;&gt;&lt;/script&gt;


&lt;p&gt;Graphite web is a public web server for the analysis and visualization of biological pathways using high-throughput gene expression data. It supports five different gene set analysis, three species and two databases of pathways. Graphite web has a powerful pathway visualization that makes results interpretation easily accessible to the user.&lt;/p&gt;
&lt;div id=&#34;references&#34; class=&#34;section level1&#34;&gt;
&lt;h1&gt;References&lt;/h1&gt;
&lt;p&gt;Graphite Web: web tool for gene set analysis exploiting pathway topology
Sales G, Calura E, Martini P, Romualdi C (2013). MAGIA, a web-based tool for miRNA and Genes Integrated Analysis.Nucleic Acids Res,(Web Server issue)[PMID: 23666626].&lt;/p&gt;
&lt;/div&gt;
</description>
    </item>
    
    <item>
      <title>graphite</title>
      <link>/software/graphite/</link>
      <pubDate>Tue, 06 Apr 2021 17:40:48 +0200</pubDate>
      <guid>/software/graphite/</guid>
      <description>
&lt;script src=&#34;/software/graphite/index.en_files/header-attrs/header-attrs.js&#34;&gt;&lt;/script&gt;


&lt;div id=&#34;description&#34; class=&#34;section level1&#34;&gt;
&lt;h1&gt;Description&lt;/h1&gt;
&lt;p&gt;&lt;strong&gt;Graphite&lt;/strong&gt; (GRAPH Interaction from pathway Topological Environment) is a computational framework to store, parse and convert pathway topologies to molecular networks.&lt;/p&gt;
&lt;p&gt;Graphite framework is divided in two main steps:&lt;/p&gt;
&lt;ul&gt;
&lt;li&gt;The conversion procedure that create the networks,&lt;/li&gt;
&lt;li&gt;The &lt;a href=&#34;https://bioconductor.org/packages/release/bioc/html/graphite.html&#34;&gt;BioC package&lt;/a&gt; that allows the use and the analyses of the network.&lt;/li&gt;
&lt;/ul&gt;
&lt;p&gt;The Conversion Procedure is written in Aschel and is a custom in-house software.&lt;/p&gt;
&lt;/div&gt;
&lt;div id=&#34;references&#34; class=&#34;section level1&#34;&gt;
&lt;h1&gt;References:&lt;/h1&gt;
&lt;p&gt;Sales G, Calura E, Romualdi C. metaGraphite-a new layer of pathway annotation
to get metabolite networks. Bioinformatics. 2019 Apr 1;35(7):1258-1260. doi:
10.1093/bioinformatics/bty719. PMID: 30184047.&lt;/p&gt;
&lt;p&gt;graphite – GRAPH representation In Topological Environment
Sales G, Calura E, Cavalieri D, Romualdi C. (2012) graphite – a Bioconductor package to convert pathway topology to gene network. BMC Bioinformatics. Jan 31;13:20.[&lt;a href=&#34;PMID:22292714&#34; class=&#34;uri&#34;&gt;PMID:22292714&lt;/a&gt;]&lt;/p&gt;
&lt;/div&gt;
</description>
    </item>
    
    <item>
      <title>MOSCLIP</title>
      <link>/software/mosclip/</link>
      <pubDate>Tue, 06 Apr 2021 00:00:00 +0000</pubDate>
      <guid>/software/mosclip/</guid>
      <description>
&lt;script src=&#34;/software/mosclip/index_files/header-attrs/header-attrs.js&#34;&gt;&lt;/script&gt;


&lt;div id=&#34;multi-omics-survival-clip&#34; class=&#34;section level1&#34;&gt;
&lt;h1&gt;Multi Omics Survival Clip&lt;/h1&gt;
&lt;p&gt;&lt;strong&gt;MOSClip&lt;/strong&gt; is a new method that combines survival analysis and graphical model theory to test the survival association of pathways or of their connected components in a multi-omic framework. Multi-omic gene measurements are tested as covariates of a Cox proportional hazard model after dimensionality reduction of data. The final goal is to find the biological processes impacting the patient’s survival.&lt;/p&gt;
&lt;/div&gt;
&lt;div id=&#34;references&#34; class=&#34;section level1&#34;&gt;
&lt;h1&gt;References&lt;/h1&gt;
&lt;p&gt;Martini P, Chiogna M, Calura E, Romualdi C. MOSClip: multi-omic and survival
pathway analysis for the identification of survival associated gene and modules.
Nucleic Acids Res. 2019 Aug 22;47(14):e80. doi: 10.1093/nar/gkz324. PMID:
31049575;&lt;/p&gt;
&lt;/div&gt;
</description>
    </item>
    
    <item>
      <title>SourceSet</title>
      <link>/software/sourceset/</link>
      <pubDate>Tue, 06 Apr 2021 00:00:00 +0000</pubDate>
      <guid>/software/sourceset/</guid>
      <description></description>
    </item>
    
    <item>
      <title>Genome-wide study of salivary miRNAs identifies miR-423-5p as promising diagnostic and prognostic biomarker in oral squamous cell carcinoma</title>
      <link>/publication/romani-20212987/</link>
      <pubDate>Fri, 01 Jan 2021 00:00:00 +0000</pubDate>
      <guid>/publication/romani-20212987/</guid>
      <description></description>
    </item>
    
    <item>
      <title>Hello R Markdown</title>
      <link>/research/2020-12-01-r-rmarkdown/</link>
      <pubDate>Tue, 01 Dec 2020 21:13:14 -0500</pubDate>
      <guid>/research/2020-12-01-r-rmarkdown/</guid>
      <description>
&lt;script src=&#34;/research/2020-12-01-r-rmarkdown/index.en_files/header-attrs/header-attrs.js&#34;&gt;&lt;/script&gt;


&lt;div id=&#34;r-markdown&#34; class=&#34;section level1&#34;&gt;
&lt;h1&gt;R Markdown&lt;/h1&gt;
&lt;p&gt;This is an R Markdown document. Markdown is a simple formatting syntax for authoring HTML, PDF, and MS Word documents. For more details on using R Markdown see &lt;a href=&#34;http://rmarkdown.rstudio.com&#34; class=&#34;uri&#34;&gt;http://rmarkdown.rstudio.com&lt;/a&gt;.&lt;/p&gt;
&lt;p&gt;You can embed an R code chunk like this:&lt;/p&gt;
&lt;pre class=&#34;r&#34;&gt;&lt;code&gt;summary(cars)
##      speed           dist       
##  Min.   : 4.0   Min.   :  2.00  
##  1st Qu.:12.0   1st Qu.: 26.00  
##  Median :15.0   Median : 36.00  
##  Mean   :15.4   Mean   : 42.98  
##  3rd Qu.:19.0   3rd Qu.: 56.00  
##  Max.   :25.0   Max.   :120.00
fit &amp;lt;- lm(dist ~ speed, data = cars)
fit
## 
## Call:
## lm(formula = dist ~ speed, data = cars)
## 
## Coefficients:
## (Intercept)        speed  
##     -17.579        3.932&lt;/code&gt;&lt;/pre&gt;
&lt;/div&gt;
&lt;div id=&#34;including-plots&#34; class=&#34;section level1&#34;&gt;
&lt;h1&gt;Including Plots&lt;/h1&gt;
&lt;p&gt;You can also embed plots. See Figure &lt;a href=&#34;#fig:pie&#34;&gt;1&lt;/a&gt; for example:&lt;/p&gt;
&lt;pre class=&#34;r&#34;&gt;&lt;code&gt;par(mar = c(0, 1, 0, 1))
pie(
  c(280, 60, 20),
  c(&amp;#39;Sky&amp;#39;, &amp;#39;Sunny side of pyramid&amp;#39;, &amp;#39;Shady side of pyramid&amp;#39;),
  col = c(&amp;#39;#0292D8&amp;#39;, &amp;#39;#F7EA39&amp;#39;, &amp;#39;#C4B632&amp;#39;),
  init.angle = -50, border = NA
)&lt;/code&gt;&lt;/pre&gt;
&lt;div class=&#34;figure&#34;&gt;&lt;span id=&#34;fig:pie&#34;&gt;&lt;/span&gt;
&lt;img src=&#34;/research/2020-12-01-r-rmarkdown/index.en_files/figure-html/pie-1.png&#34; alt=&#34;A fancy pie chart.&#34; width=&#34;672&#34; /&gt;
&lt;p class=&#34;caption&#34;&gt;
Figure 1: A fancy pie chart.
&lt;/p&gt;
&lt;/div&gt;
&lt;/div&gt;
</description>
    </item>
    
    <item>
      <title>Jian Yang and Monica Hall Win the Best Paper Award at Wowchemy 2020</title>
      <link>/post/20-12-02-icml-best-paper/</link>
      <pubDate>Wed, 02 Dec 2020 00:00:00 +0000</pubDate>
      <guid>/post/20-12-02-icml-best-paper/</guid>
      <description>&lt;p&gt;Congratulations to Jian Yang and Monica Hall for winning the Best Paper Award at the 2020 Conference on Wowchemy for their paper “Learning Wowchemy”.&lt;/p&gt;
&lt;p&gt;Lorem ipsum dolor sit amet, consectetur adipiscing elit. Integer tempus augue non tempor egestas. Proin nisl nunc, dignissim in accumsan dapibus, auctor ullamcorper neque. Quisque at elit felis. Vestibulum ante ipsum primis in faucibus orci luctus et ultrices posuere cubilia curae; Aenean eget elementum odio. Cras interdum eget risus sit amet aliquet. In volutpat, nisl ut fringilla dignissim, arcu nisl suscipit ante, at accumsan sapien nisl eu eros.&lt;/p&gt;
&lt;p&gt;Sed eu dui nec ligula bibendum dapibus. Nullam imperdiet auctor tortor, vel cursus mauris malesuada non. Quisque ultrices euismod dapibus. Aenean sed gravida risus. Sed nisi tortor, vulputate nec quam non, placerat porta nisl. Nunc varius lobortis urna, condimentum facilisis ipsum molestie eu. Ut molestie eleifend ligula sed dignissim. Duis ut tellus turpis. Praesent tincidunt, nunc sed congue malesuada, mauris enim maximus massa, eget interdum turpis urna et ante. Morbi sem nisl, cursus quis mollis et, interdum luctus augue. Aliquam laoreet, leo et accumsan tincidunt, libero neque aliquet lectus, a ultricies lorem mi a orci.&lt;/p&gt;
&lt;p&gt;Mauris dapibus sem vel magna convallis laoreet. Donec in venenatis urna, vitae sodales odio. Praesent tortor diam, varius non luctus nec, bibendum vel est. Quisque id sem enim. Maecenas at est leo. Vestibulum tristique pellentesque ex, blandit placerat nunc eleifend sit amet. Fusce eget lectus bibendum, accumsan mi quis, luctus sem. Etiam vitae nulla scelerisque, eleifend odio in, euismod quam. Etiam porta ullamcorper massa, vitae gravida turpis euismod quis. Mauris sodales sem ac ultrices viverra. In placerat ultrices sapien. Suspendisse eu arcu hendrerit, luctus tortor cursus, maximus dolor. Proin et velit et quam gravida dapibus. Donec blandit justo ut consequat tristique.&lt;/p&gt;</description>
    </item>
    
    <item>
      <title>Jian Yang and Monica Hall Win the Best Paper Award at Wowchemy 2020</title>
      <link>/research/20-12-02-icml-best-paper/</link>
      <pubDate>Wed, 02 Dec 2020 00:00:00 +0000</pubDate>
      <guid>/research/20-12-02-icml-best-paper/</guid>
      <description>&lt;p&gt;Congratulations to Jian Yang and Monica Hall for winning the Best Paper Award at the 2020 Conference on Wowchemy for their paper “Learning Wowchemy”.&lt;/p&gt;
&lt;p&gt;Lorem ipsum dolor sit amet, consectetur adipiscing elit. Integer tempus augue non tempor egestas. Proin nisl nunc, dignissim in accumsan dapibus, auctor ullamcorper neque. Quisque at elit felis. Vestibulum ante ipsum primis in faucibus orci luctus et ultrices posuere cubilia curae; Aenean eget elementum odio. Cras interdum eget risus sit amet aliquet. In volutpat, nisl ut fringilla dignissim, arcu nisl suscipit ante, at accumsan sapien nisl eu eros.&lt;/p&gt;
&lt;p&gt;Sed eu dui nec ligula bibendum dapibus. Nullam imperdiet auctor tortor, vel cursus mauris malesuada non. Quisque ultrices euismod dapibus. Aenean sed gravida risus. Sed nisi tortor, vulputate nec quam non, placerat porta nisl. Nunc varius lobortis urna, condimentum facilisis ipsum molestie eu. Ut molestie eleifend ligula sed dignissim. Duis ut tellus turpis. Praesent tincidunt, nunc sed congue malesuada, mauris enim maximus massa, eget interdum turpis urna et ante. Morbi sem nisl, cursus quis mollis et, interdum luctus augue. Aliquam laoreet, leo et accumsan tincidunt, libero neque aliquet lectus, a ultricies lorem mi a orci.&lt;/p&gt;
&lt;p&gt;Mauris dapibus sem vel magna convallis laoreet. Donec in venenatis urna, vitae sodales odio. Praesent tortor diam, varius non luctus nec, bibendum vel est. Quisque id sem enim. Maecenas at est leo. Vestibulum tristique pellentesque ex, blandit placerat nunc eleifend sit amet. Fusce eget lectus bibendum, accumsan mi quis, luctus sem. Etiam vitae nulla scelerisque, eleifend odio in, euismod quam. Etiam porta ullamcorper massa, vitae gravida turpis euismod quis. Mauris sodales sem ac ultrices viverra. In placerat ultrices sapien. Suspendisse eu arcu hendrerit, luctus tortor cursus, maximus dolor. Proin et velit et quam gravida dapibus. Donec blandit justo ut consequat tristique.&lt;/p&gt;</description>
    </item>
    
    <item>
      <title>Richard Hendricks Wins First Place in the Wowchemy Prize</title>
      <link>/post/20-12-01-wowchemy-prize/</link>
      <pubDate>Tue, 01 Dec 2020 00:00:00 +0000</pubDate>
      <guid>/post/20-12-01-wowchemy-prize/</guid>
      <description>&lt;p&gt;Congratulations to Richard Hendricks for winning first place in the Wowchemy Prize.&lt;/p&gt;
&lt;p&gt;Lorem ipsum dolor sit amet, consectetur adipiscing elit. Integer tempus augue non tempor egestas. Proin nisl nunc, dignissim in accumsan dapibus, auctor ullamcorper neque. Quisque at elit felis. Vestibulum ante ipsum primis in faucibus orci luctus et ultrices posuere cubilia curae; Aenean eget elementum odio. Cras interdum eget risus sit amet aliquet. In volutpat, nisl ut fringilla dignissim, arcu nisl suscipit ante, at accumsan sapien nisl eu eros.&lt;/p&gt;
&lt;p&gt;Sed eu dui nec ligula bibendum dapibus. Nullam imperdiet auctor tortor, vel cursus mauris malesuada non. Quisque ultrices euismod dapibus. Aenean sed gravida risus. Sed nisi tortor, vulputate nec quam non, placerat porta nisl. Nunc varius lobortis urna, condimentum facilisis ipsum molestie eu. Ut molestie eleifend ligula sed dignissim. Duis ut tellus turpis. Praesent tincidunt, nunc sed congue malesuada, mauris enim maximus massa, eget interdum turpis urna et ante. Morbi sem nisl, cursus quis mollis et, interdum luctus augue. Aliquam laoreet, leo et accumsan tincidunt, libero neque aliquet lectus, a ultricies lorem mi a orci.&lt;/p&gt;
&lt;p&gt;Mauris dapibus sem vel magna convallis laoreet. Donec in venenatis urna, vitae sodales odio. Praesent tortor diam, varius non luctus nec, bibendum vel est. Quisque id sem enim. Maecenas at est leo. Vestibulum tristique pellentesque ex, blandit placerat nunc eleifend sit amet. Fusce eget lectus bibendum, accumsan mi quis, luctus sem. Etiam vitae nulla scelerisque, eleifend odio in, euismod quam. Etiam porta ullamcorper massa, vitae gravida turpis euismod quis. Mauris sodales sem ac ultrices viverra. In placerat ultrices sapien. Suspendisse eu arcu hendrerit, luctus tortor cursus, maximus dolor. Proin et velit et quam gravida dapibus. Donec blandit justo ut consequat tristique.&lt;/p&gt;</description>
    </item>
    
    <item>
      <title>Richard Hendricks Wins First Place in the Wowchemy Prize</title>
      <link>/research/20-12-01-wowchemy-prize/</link>
      <pubDate>Tue, 01 Dec 2020 00:00:00 +0000</pubDate>
      <guid>/research/20-12-01-wowchemy-prize/</guid>
      <description>&lt;p&gt;Congratulations to Richard Hendricks for winning first place in the Wowchemy Prize.&lt;/p&gt;
&lt;p&gt;Lorem ipsum dolor sit amet, consectetur adipiscing elit. Integer tempus augue non tempor egestas. Proin nisl nunc, dignissim in accumsan dapibus, auctor ullamcorper neque. Quisque at elit felis. Vestibulum ante ipsum primis in faucibus orci luctus et ultrices posuere cubilia curae; Aenean eget elementum odio. Cras interdum eget risus sit amet aliquet. In volutpat, nisl ut fringilla dignissim, arcu nisl suscipit ante, at accumsan sapien nisl eu eros.&lt;/p&gt;
&lt;p&gt;Sed eu dui nec ligula bibendum dapibus. Nullam imperdiet auctor tortor, vel cursus mauris malesuada non. Quisque ultrices euismod dapibus. Aenean sed gravida risus. Sed nisi tortor, vulputate nec quam non, placerat porta nisl. Nunc varius lobortis urna, condimentum facilisis ipsum molestie eu. Ut molestie eleifend ligula sed dignissim. Duis ut tellus turpis. Praesent tincidunt, nunc sed congue malesuada, mauris enim maximus massa, eget interdum turpis urna et ante. Morbi sem nisl, cursus quis mollis et, interdum luctus augue. Aliquam laoreet, leo et accumsan tincidunt, libero neque aliquet lectus, a ultricies lorem mi a orci.&lt;/p&gt;
&lt;p&gt;Mauris dapibus sem vel magna convallis laoreet. Donec in venenatis urna, vitae sodales odio. Praesent tortor diam, varius non luctus nec, bibendum vel est. Quisque id sem enim. Maecenas at est leo. Vestibulum tristique pellentesque ex, blandit placerat nunc eleifend sit amet. Fusce eget lectus bibendum, accumsan mi quis, luctus sem. Etiam vitae nulla scelerisque, eleifend odio in, euismod quam. Etiam porta ullamcorper massa, vitae gravida turpis euismod quis. Mauris sodales sem ac ultrices viverra. In placerat ultrices sapien. Suspendisse eu arcu hendrerit, luctus tortor cursus, maximus dolor. Proin et velit et quam gravida dapibus. Donec blandit justo ut consequat tristique.&lt;/p&gt;</description>
    </item>
    
    <item>
      <title>A TGF-β associated genetic score to define prognosis and platinum sensitivity in advanced epithelial ovarian cancer</title>
      <link>/publication/gagno-2020233/</link>
      <pubDate>Wed, 01 Jan 2020 00:00:00 +0000</pubDate>
      <guid>/publication/gagno-2020233/</guid>
      <description></description>
    </item>
    
    <item>
      <title>Assessment of statistical methods from single cell, bulk RNA-seq, and metagenomics applied to microbiome data</title>
      <link>/publication/calgaro-2020/</link>
      <pubDate>Wed, 01 Jan 2020 00:00:00 +0000</pubDate>
      <guid>/publication/calgaro-2020/</guid>
      <description></description>
    </item>
    
    <item>
      <title>Austenite grain size model for the coarse grain heat affected zone in line pipe steels</title>
      <link>/publication/romualdi-2020/</link>
      <pubDate>Wed, 01 Jan 2020 00:00:00 +0000</pubDate>
      <guid>/publication/romualdi-2020/</guid>
      <description></description>
    </item>
    
    <item>
      <title>Editorial: Multi-omic Data Integration in Oncology</title>
      <link>/publication/finotello-2020/</link>
      <pubDate>Wed, 01 Jan 2020 00:00:00 +0000</pubDate>
      <guid>/publication/finotello-2020/</guid>
      <description></description>
    </item>
    
    <item>
      <title>Expression profiles of PRKG1, SDF2L1 and PPP1R12A are predictive and prognostic factors for therapy response and survival in high-grade serous ovarian cancer</title>
      <link>/publication/benvenuto-2020565/</link>
      <pubDate>Wed, 01 Jan 2020 00:00:00 +0000</pubDate>
      <guid>/publication/benvenuto-2020565/</guid>
      <description></description>
    </item>
    
    <item>
      <title>Microbiota changes induced by microencapsulated sodium butyrate in patients with inflammatory bowel disease</title>
      <link>/publication/facchin-2020/</link>
      <pubDate>Wed, 01 Jan 2020 00:00:00 +0000</pubDate>
      <guid>/publication/facchin-2020/</guid>
      <description></description>
    </item>
    
    <item>
      <title>Microbiota of the therapeutic Euganean thermal muds with a focus on the main cyanobacteria species</title>
      <link>/publication/gris-20201/</link>
      <pubDate>Wed, 01 Jan 2020 00:00:00 +0000</pubDate>
      <guid>/publication/gris-20201/</guid>
      <description></description>
    </item>
    
    <item>
      <title>Pharmacogenetic score predicts overall survival, progression-free survival and platinum sensitivity in ovarian cancer</title>
      <link>/publication/gagno-2020995/</link>
      <pubDate>Wed, 01 Jan 2020 00:00:00 +0000</pubDate>
      <guid>/publication/gagno-2020995/</guid>
      <description></description>
    </item>
    
    <item>
      <title>Searching for the Source of Difference: A Graphical Model Approach</title>
      <link>/publication/djordjilovic-2020131/</link>
      <pubDate>Wed, 01 Jan 2020 00:00:00 +0000</pubDate>
      <guid>/publication/djordjilovic-2020131/</guid>
      <description></description>
    </item>
    
    <item>
      <title>Simulating gene silencing through intervention analysis</title>
      <link>/publication/djordjilovic-2020887/</link>
      <pubDate>Wed, 01 Jan 2020 00:00:00 +0000</pubDate>
      <guid>/publication/djordjilovic-2020887/</guid>
      <description></description>
    </item>
    
    <item>
      <title>Targeting p53 and histone methyltransferases restores exhausted CD8&#43; T cells in HCV infection</title>
      <link>/publication/barili-2020/</link>
      <pubDate>Wed, 01 Jan 2020 00:00:00 +0000</pubDate>
      <guid>/publication/barili-2020/</guid>
      <description></description>
    </item>
    
    <item>
      <title>The CSF Profile Linked to Cortical Damage Predicts Multiple Sclerosis Activity</title>
      <link>/publication/magliozzi-2020562/</link>
      <pubDate>Wed, 01 Jan 2020 00:00:00 +0000</pubDate>
      <guid>/publication/magliozzi-2020562/</guid>
      <description></description>
    </item>
    
    <item>
      <title>kakashi</title>
      <link>/project/kakashi/</link>
      <pubDate>Fri, 06 Dec 2019 16:17:20 -0800</pubDate>
      <guid>/project/kakashi/</guid>
      <description>&lt;p&gt;kakashi is a theme for the &lt;a href=&#34;https://github.com/yihui/xaringan&#34; target=&#34;_blank&#34; rel=&#34;noopener&#34;&gt;xaringan R package&lt;/a&gt; for making slides. kakashi has a clean look with color-blind friendly palettes. Marking text as italics (*) will turn it blue, bold (**) will turn it orange, and striking out (~~) will turn it grey. kakashi copies ideas from many other themes, including metropolis and lucy, but is ultimately unique. That is why this CSS (copy shinobi style) is called kakashi, &lt;a href=&#34;https://www.wikiwand.com/en/Kakashi_Hatake&#34; target=&#34;_blank&#34; rel=&#34;noopener&#34;&gt;after the copy ninja&lt;/a&gt;.&lt;/p&gt;
</description>
    </item>
    
    <item>
      <title>Causal Inference notebook</title>
      <link>/project/causalinferencenotebook/</link>
      <pubDate>Wed, 09 Oct 2019 08:38:28 -0700</pubDate>
      <guid>/project/causalinferencenotebook/</guid>
      <description>&lt;p&gt;This notebook contains R code for part 2 of &lt;a href=&#34;https://www.hsph.harvard.edu/miguel-hernan/causal-inference-book/&#34; target=&#34;_blank&#34; rel=&#34;noopener&#34;&gt;Causal Inference&lt;/a&gt; by Miguel Hernán and Jamie Robins. While R, SAS, Stata, and Python code are available on the website for Causal Inference, we focus on doing causal inference using the &lt;a href=&#34;https://www.tidyverse.org/&#34; target=&#34;_blank&#34; rel=&#34;noopener&#34;&gt;tidyverse&lt;/a&gt; ecosystem of R packages, particularly ggplot2, dplyr, and broom.&lt;/p&gt;
</description>
    </item>
    
    <item>
      <title>epibot</title>
      <link>/project/epibot/</link>
      <pubDate>Wed, 09 Oct 2019 08:38:28 -0700</pubDate>
      <guid>/project/epibot/</guid>
      <description></description>
    </item>
    
    <item>
      <title>Learn purrr web app</title>
      <link>/project/purrr_app/</link>
      <pubDate>Wed, 09 Oct 2019 08:38:28 -0700</pubDate>
      <guid>/project/purrr_app/</guid>
      <description></description>
    </item>
    
    <item>
      <title>Los Angeles R Users Group</title>
      <link>/project/larug/</link>
      <pubDate>Wed, 09 Oct 2019 08:38:28 -0700</pubDate>
      <guid>/project/larug/</guid>
      <description>&lt;p&gt;The Los Angeles R Users Group meets twice a month, one chapter on the Westside and one chapter on the Eastside, grown out of the efforts of &lt;a href=&#34;http://datascience.la/&#34; target=&#34;_blank&#34; rel=&#34;noopener&#34;&gt;Data Science LA&lt;/a&gt; and related groups. We are part of a larger community of R user groups in Southern California.&lt;/p&gt;
</description>
    </item>
    
    <item>
      <title>precisely</title>
      <link>/project/precisely/</link>
      <pubDate>Wed, 09 Oct 2019 08:38:28 -0700</pubDate>
      <guid>/project/precisely/</guid>
      <description>&lt;p&gt;precisely is a study planning tool to calculate sample size based on precision rather than power. Power calculations are focused on whether or not an estimate will be statistically significant; calculations of precision are based on the same prinicples as power calculation but turn the focus to the width of the confidence interval.&lt;/p&gt;
</description>
    </item>
    
    <item>
      <title>precisely web app</title>
      <link>/project/precisely_app/</link>
      <pubDate>Wed, 09 Oct 2019 08:38:28 -0700</pubDate>
      <guid>/project/precisely_app/</guid>
      <description>&lt;p&gt;precisely is a study planning tool to calculate sample size based on precision rather than power. Power calculations are focused on whether or not an estimate will be statistically significant; calculations of precision are based on the same prinicples as power calculation but turn the focus to the width of the confidence interval.&lt;/p&gt;
</description>
    </item>
    
    <item>
      <title>causalpie</title>
      <link>/project/causalpie/</link>
      <pubDate>Wed, 09 Oct 2019 08:00:20 -0700</pubDate>
      <guid>/project/causalpie/</guid>
      <description>&lt;p&gt;causalpie is an R package for creating tidy sufficient-component causal models. Create and analyze sufficient causes and plot them easily in ggplot2.&lt;/p&gt;
</description>
    </item>
    
    <item>
      <title>dagtex</title>
      <link>/project/dagtex/</link>
      <pubDate>Wed, 09 Oct 2019 08:00:20 -0700</pubDate>
      <guid>/project/dagtex/</guid>
      <description>&lt;p&gt;daxtex is a low-ish level package for making LaTeX DAGs in R. While dagtex will work as a standalone package, the longterm goal is to serve as a LaTeX backend for &lt;a href=&#34;https://ggdag.malco.io/&#34; target=&#34;_blank&#34; rel=&#34;noopener&#34;&gt;ggdag&lt;/a&gt; objects.&lt;/p&gt;
</description>
    </item>
    
    <item>
      <title>ggdag</title>
      <link>/project/ggdag/</link>
      <pubDate>Wed, 09 Oct 2019 08:00:20 -0700</pubDate>
      <guid>/project/ggdag/</guid>
      <description>&lt;p&gt;ggdag links the dagitty package, which contains powerful algorithms for analyzing causal DAGs, with the unlimited flexibility of ggplot2. ggdag coverts dagitty objects to a tidy DAG data structure, which allows you to both analyze your DAG and plot it easily in ggplot2.&lt;/p&gt;
</description>
    </item>
    
    <item>
      <title>partition</title>
      <link>/project/partition/</link>
      <pubDate>Wed, 09 Oct 2019 08:00:20 -0700</pubDate>
      <guid>/project/partition/</guid>
      <description>&lt;p&gt;partition is a fast and flexible framework for agglomerative partitioning. partition uses an approach called Direct-Measure-Reduce to create new variables that maintain the user-specified minimum level of information. Each reduced variable is also interpretable: the original variables map to one and only one variable in the reduced data set. partition is flexible, as well: how variables are selected to reduce, how information loss is measured, and the way data is reduced can all be customized.&lt;/p&gt;
</description>
    </item>
    
    <item>
      <title>tidymeta</title>
      <link>/project/tidymeta/</link>
      <pubDate>Wed, 09 Oct 2019 08:00:20 -0700</pubDate>
      <guid>/project/tidymeta/</guid>
      <description>&lt;p&gt;Tidy and plot meta-analyses from popular meta-analytic tools in R. Currently in early development.&lt;/p&gt;
</description>
    </item>
    
    <item>
      <title>ymlthis</title>
      <link>/project/ymlthis/</link>
      <pubDate>Wed, 09 Oct 2019 08:00:20 -0700</pubDate>
      <guid>/project/ymlthis/</guid>
      <description>&lt;p&gt;ymlthis is a package to help you write YAML metadata for R Markdown documents and related tools like blogdown, bookdown, and pkgdown. YAML serves two main roles: to pass information to be printed in the document, such as the title and author, and to control how the document is rendered, anything from the output type (HTML vs. PDF) and typesetting options to what should happen with files created while rendering.&lt;/p&gt;
</description>
    </item>
    
    <item>
      <title>An example preprint / working paper</title>
      <link>/publication/preprint/</link>
      <pubDate>Sun, 07 Apr 2019 00:00:00 +0000</pubDate>
      <guid>/publication/preprint/</guid>
      <description>&lt;p&gt;Supplementary notes can be added here, including &lt;a href=&#34;https://sourcethemes.com/academic/docs/writing-markdown-latex/&#34; target=&#34;_blank&#34; rel=&#34;noopener&#34;&gt;code and math&lt;/a&gt;.&lt;/p&gt;
</description>
    </item>
    
    <item>
      <title>Direct generation of human naive induced pluripotent stem cells from somatic cells in microfluidics</title>
      <link>/publication/giulitti-2019275/</link>
      <pubDate>Tue, 01 Jan 2019 00:00:00 +0000</pubDate>
      <guid>/publication/giulitti-2019275/</guid>
      <description></description>
    </item>
    
    <item>
      <title>FXYD5 (Dysadherin) upregulation predicts shorter survival and reveals platinum resistance in high-grade serous ovarian cancer patients</title>
      <link>/publication/tassi-2019584/</link>
      <pubDate>Tue, 01 Jan 2019 00:00:00 +0000</pubDate>
      <guid>/publication/tassi-2019584/</guid>
      <description></description>
    </item>
    
    <item>
      <title>Increased NK Cell Count in Multiple Sclerosis Patients Treated With Dimethyl Fumarate: A 2-Year Longitudinal Study</title>
      <link>/publication/marastoni-20191666/</link>
      <pubDate>Tue, 01 Jan 2019 00:00:00 +0000</pubDate>
      <guid>/publication/marastoni-20191666/</guid>
      <description></description>
    </item>
    
    <item>
      <title>Individual Radiosensitivity in Oncological Patients: Linking Adverse Normal Tissue Reactions and Genetic Features</title>
      <link>/publication/palumbo-2019/</link>
      <pubDate>Tue, 01 Jan 2019 00:00:00 +0000</pubDate>
      <guid>/publication/palumbo-2019/</guid>
      <description></description>
    </item>
    
    <item>
      <title>Meta Graphite-a new layer of pathway annotation to get metabolite networks</title>
      <link>/publication/sales-20191258/</link>
      <pubDate>Tue, 01 Jan 2019 00:00:00 +0000</pubDate>
      <guid>/publication/sales-20191258/</guid>
      <description></description>
    </item>
    
    <item>
      <title>MOSClip: multi-omic and survival pathway analysis for the identification of survival associated gene and modules</title>
      <link>/publication/martini-2019-e-80/</link>
      <pubDate>Tue, 01 Jan 2019 00:00:00 +0000</pubDate>
      <guid>/publication/martini-2019-e-80/</guid>
      <description></description>
    </item>
    
    <item>
      <title>Multisite analysis of high-grade serous epithelial ovarian cancers identifies genomic regions of focal and recurrent copy number alteration in 3q26.2 and 8q24.3</title>
      <link>/publication/ballabio-20192670/</link>
      <pubDate>Tue, 01 Jan 2019 00:00:00 +0000</pubDate>
      <guid>/publication/ballabio-20192670/</guid>
      <description></description>
    </item>
    
    <item>
      <title>Rs4143815-PDL1, a new potential immunogenetic biomarker of biochemical recurrence in locally advanced prostate cancer after radiotherapy</title>
      <link>/publication/zanusso-2019/</link>
      <pubDate>Tue, 01 Jan 2019 00:00:00 +0000</pubDate>
      <guid>/publication/zanusso-2019/</guid>
      <description></description>
    </item>
    
    <item>
      <title>Sex identification from distinctive gene expression patterns in Antarctic krill (Euphausia superba)</title>
      <link>/publication/suter-20192205/</link>
      <pubDate>Tue, 01 Jan 2019 00:00:00 +0000</pubDate>
      <guid>/publication/suter-20192205/</guid>
      <description></description>
    </item>
    
    <item>
      <title>Single cell analysis reveals the involvement of the long non-coding RNA Pvt1 in the modulation of muscle atrophy and mitochondrial network</title>
      <link>/publication/alessio-20191653/</link>
      <pubDate>Tue, 01 Jan 2019 00:00:00 +0000</pubDate>
      <guid>/publication/alessio-20191653/</guid>
      <description></description>
    </item>
    
    <item>
      <title>SourceSet: A graphical model approach to identify primary genes in perturbed biological pathways</title>
      <link>/publication/salviato-2019/</link>
      <pubDate>Tue, 01 Jan 2019 00:00:00 +0000</pubDate>
      <guid>/publication/salviato-2019/</guid>
      <description></description>
    </item>
    
    <item>
      <title>Transcriptional Characterization of Stage I Epithelial Ovarian Cancer: A Multicentric Study</title>
      <link>/publication/calura-2019/</link>
      <pubDate>Tue, 01 Jan 2019 00:00:00 +0000</pubDate>
      <guid>/publication/calura-2019/</guid>
      <description></description>
    </item>
    
    <item>
      <title>Transcriptome profiles of human visceral adipocytes in obesity and colorectal cancer unravel the effects of body mass index and polyunsaturated fatty acids on genes and biological process related to tumorigenesis</title>
      <link>/publication/corno-2019/</link>
      <pubDate>Tue, 01 Jan 2019 00:00:00 +0000</pubDate>
      <guid>/publication/corno-2019/</guid>
      <description></description>
    </item>
    
    <item>
      <title>Transcriptomic Analysis of Single Isolated Myofibers Identifies miR-27a-3p and miR-142-3p as Regulators of Metabolism in Skeletal Muscle</title>
      <link>/publication/chemello-20193784/</link>
      <pubDate>Tue, 01 Jan 2019 00:00:00 +0000</pubDate>
      <guid>/publication/chemello-20193784/</guid>
      <description></description>
    </item>
    
    <item>
      <title>A systems biology approach to investigate the mechanism of action of trabectedin in a model of myelomonocytic leukemia</title>
      <link>/publication/mannarino-201856/</link>
      <pubDate>Mon, 01 Jan 2018 00:00:00 +0000</pubDate>
      <guid>/publication/mannarino-201856/</guid>
      <description></description>
    </item>
    
    <item>
      <title>Changes in Accident &amp;amp; Emergency Visits and Return Visits in Relation to the Enforcement of Daylight Saving Time and Photoperiod</title>
      <link>/publication/ferrazzi-2018555/</link>
      <pubDate>Mon, 01 Jan 2018 00:00:00 +0000</pubDate>
      <guid>/publication/ferrazzi-2018555/</guid>
      <description></description>
    </item>
    
    <item>
      <title>Inflammatory intrathecal profiles and cortical damage in multiple sclerosis</title>
      <link>/publication/magliozzi-2018739/</link>
      <pubDate>Mon, 01 Jan 2018 00:00:00 +0000</pubDate>
      <guid>/publication/magliozzi-2018739/</guid>
      <description></description>
    </item>
    
    <item>
      <title>Paradoxical GH Increase during OGTT Is Associated with First-Generation Somatostatin Analog Responsiveness in Acromegaly</title>
      <link>/publication/scaroni-2018856/</link>
      <pubDate>Mon, 01 Jan 2018 00:00:00 +0000</pubDate>
      <guid>/publication/scaroni-2018856/</guid>
      <description></description>
    </item>
    
    <item>
      <title>The cortical damage, early relapses, and onset of the progressive phase in multiple sclerosis</title>
      <link>/publication/scalfari-2018-e-2099/</link>
      <pubDate>Mon, 01 Jan 2018 00:00:00 +0000</pubDate>
      <guid>/publication/scalfari-2018-e-2099/</guid>
      <description></description>
    </item>
    
    <item>
      <title>The effect of fingolimod on focal and diffuse grey matter damage in active MS patients</title>
      <link>/publication/bajrami-20182154/</link>
      <pubDate>Mon, 01 Jan 2018 00:00:00 +0000</pubDate>
      <guid>/publication/bajrami-20182154/</guid>
      <description></description>
    </item>
    
    <item>
      <title>Analysis of potential factors affecting allografts contamination at retrieval</title>
      <link>/publication/paolin-2017539/</link>
      <pubDate>Sun, 01 Jan 2017 00:00:00 +0000</pubDate>
      <guid>/publication/paolin-2017539/</guid>
      <description></description>
    </item>
    
    <item>
      <title>Circulating cell-free DNA in dogs with mammary tumors: Short and long fragments and integrity index</title>
      <link>/publication/beffagna-2017/</link>
      <pubDate>Sun, 01 Jan 2017 00:00:00 +0000</pubDate>
      <guid>/publication/beffagna-2017/</guid>
      <description></description>
    </item>
    
    <item>
      <title>Circulating miRNA landscape identifies miR-1246 as promising diagnostic biomarker in high-grade serous ovarian carcinoma: A validation across two independent cohorts</title>
      <link>/publication/todeschini-2017320/</link>
      <pubDate>Sun, 01 Jan 2017 00:00:00 +0000</pubDate>
      <guid>/publication/todeschini-2017320/</guid>
      <description></description>
    </item>
    
    <item>
      <title>Cognitive impairment predicts disability progression and cortical thinning in MS: An 8-year study</title>
      <link>/publication/pitteri-2017848/</link>
      <pubDate>Sun, 01 Jan 2017 00:00:00 +0000</pubDate>
      <guid>/publication/pitteri-2017848/</guid>
      <description></description>
    </item>
    
    <item>
      <title>Cortical Thickness variability in Multiple Sclerosis: The role of lesion segmentation and filling</title>
      <link>/publication/palombit-2017792/</link>
      <pubDate>Sun, 01 Jan 2017 00:00:00 +0000</pubDate>
      <guid>/publication/palombit-2017792/</guid>
      <description></description>
    </item>
    
    <item>
      <title>KrillDB: A de novo transcriptome database for the Antarctic krill (Euphausia superba)</title>
      <link>/publication/sales-2017/</link>
      <pubDate>Sun, 01 Jan 2017 00:00:00 +0000</pubDate>
      <guid>/publication/sales-2017/</guid>
      <description></description>
    </item>
    
    <item>
      <title>LINE-1 hypomethylation is associated to specific clinico-pathological features in Stage I non-small cell lung cancer</title>
      <link>/publication/imperatori-201783/</link>
      <pubDate>Sun, 01 Jan 2017 00:00:00 +0000</pubDate>
      <guid>/publication/imperatori-201783/</guid>
      <description></description>
    </item>
    
    <item>
      <title>LncRNAs as novel indicators of patients&#39; prognosis in stage i epithelial ovarian cancer: A retrospective and multicentric study</title>
      <link>/publication/martini-20172356/</link>
      <pubDate>Sun, 01 Jan 2017 00:00:00 +0000</pubDate>
      <guid>/publication/martini-20172356/</guid>
      <description></description>
    </item>
    
    <item>
      <title>NELL1, whose high expression correlates with negative outcomes, has different methylation patterns in alveolar and embryonal rhabdomyosarcoma</title>
      <link>/publication/tombolan-201733086/</link>
      <pubDate>Sun, 01 Jan 2017 00:00:00 +0000</pubDate>
      <guid>/publication/tombolan-201733086/</guid>
      <description></description>
    </item>
    
    <item>
      <title>SimPATHy: A new method for simulating data from perturbed biological PATHways</title>
      <link>/publication/salviato-2017456/</link>
      <pubDate>Sun, 01 Jan 2017 00:00:00 +0000</pubDate>
      <guid>/publication/salviato-2017456/</guid>
      <description></description>
    </item>
    
    <item>
      <title>A data-driven network model of primary myelofibrosis: Transcriptional and post-transcriptional alterations in CD34&#43; cells</title>
      <link>/publication/calura-2016/</link>
      <pubDate>Fri, 01 Jan 2016 00:00:00 +0000</pubDate>
      <guid>/publication/calura-2016/</guid>
      <description></description>
    </item>
    
    <item>
      <title>A prognostic regulatory pathway in stage I epithelial ovarian cancer: New hints for the poor prognosis assessment</title>
      <link>/publication/calura-20161511/</link>
      <pubDate>Fri, 01 Jan 2016 00:00:00 +0000</pubDate>
      <guid>/publication/calura-20161511/</guid>
      <description></description>
    </item>
    
    <item>
      <title>Antimicrobial use and microbiological testing in district general hospital ICUs of the Veneto region of north-east Italy</title>
      <link>/publication/benedetti-20161627/</link>
      <pubDate>Fri, 01 Jan 2016 00:00:00 +0000</pubDate>
      <guid>/publication/benedetti-20161627/</guid>
      <description></description>
    </item>
    
    <item>
      <title>Characterizing genomic alterations in cancer by complementary functional associations</title>
      <link>/publication/kim-2016539/</link>
      <pubDate>Fri, 01 Jan 2016 00:00:00 +0000</pubDate>
      <guid>/publication/kim-2016539/</guid>
      <description></description>
    </item>
    
    <item>
      <title>COLOMBOS v3.0: Leveraging gene expression compendia for cross-species analyses</title>
      <link>/publication/moretto-2016-d-620/</link>
      <pubDate>Fri, 01 Jan 2016 00:00:00 +0000</pubDate>
      <guid>/publication/moretto-2016-d-620/</guid>
      <description></description>
    </item>
    
    <item>
      <title>Disentangling the microRNA regulatory milieu in multiple myeloma: Integrative genomics analysis outlines mixed miRNATF circuits and pathway-derived networks modulated in t(4;14) patients</title>
      <link>/publication/calura-20162367/</link>
      <pubDate>Fri, 01 Jan 2016 00:00:00 +0000</pubDate>
      <guid>/publication/calura-20162367/</guid>
      <description></description>
    </item>
    
    <item>
      <title>Global DNA methylation profiling uncovers distinct methylation patterns of protocadherin alpha4 in metastatic and non-metastatic rhabdomyosarcoma</title>
      <link>/publication/tombolan-2016/</link>
      <pubDate>Fri, 01 Jan 2016 00:00:00 +0000</pubDate>
      <guid>/publication/tombolan-2016/</guid>
      <description></description>
    </item>
    
    <item>
      <title>Identification of high-grade serous ovarian cancer miRNA species associated with survival and drug response in patients receiving neoadjuvant chemotherapy: A retrospective longitudinal analysis using matched tumor biopsies</title>
      <link>/publication/petrillo-2016625/</link>
      <pubDate>Fri, 01 Jan 2016 00:00:00 +0000</pubDate>
      <guid>/publication/petrillo-2016625/</guid>
      <description></description>
    </item>
    
    <item>
      <title>Similarity Measures Based on the Overlap of Ranked Genes Are Effective for Comparison and Classification of Microarray Data</title>
      <link>/publication/serra-2016603/</link>
      <pubDate>Fri, 01 Jan 2016 00:00:00 +0000</pubDate>
      <guid>/publication/serra-2016603/</guid>
      <description></description>
    </item>
    
    <item>
      <title>Usefulness of the Total Thrombus-Formation Analysis System (T-TAS) in the diagnosis and characterization of von Willebrand disease</title>
      <link>/publication/daidone-2016949/</link>
      <pubDate>Fri, 01 Jan 2016 00:00:00 +0000</pubDate>
      <guid>/publication/daidone-2016949/</guid>
      <description></description>
    </item>
    
    <item>
      <title>An example journal article</title>
      <link>/publication/journal-article/</link>
      <pubDate>Tue, 01 Sep 2015 00:00:00 +0000</pubDate>
      <guid>/publication/journal-article/</guid>
      <description>&lt;div class=&#34;alert alert-note&#34;&gt;
  &lt;div&gt;
    Click the &lt;em&gt;Cite&lt;/em&gt; button above to demo the feature to enable visitors to import publication metadata into their reference management software.
  &lt;/div&gt;
&lt;/div&gt;
&lt;p&gt;Supplementary notes can be added here, including &lt;a href=&#34;https://sourcethemes.com/academic/docs/writing-markdown-latex/&#34; target=&#34;_blank&#34; rel=&#34;noopener&#34;&gt;code and math&lt;/a&gt;.&lt;/p&gt;
</description>
    </item>
    
    <item>
      <title>A founder MYBPC3 mutation results in HCM with a high risk of sudden death after the fourth decade of life</title>
      <link>/publication/calore-2015338/</link>
      <pubDate>Thu, 01 Jan 2015 00:00:00 +0000</pubDate>
      <guid>/publication/calore-2015338/</guid>
      <description></description>
    </item>
    
    <item>
      <title>Aberrant DNA methylation profiles of inherited and sporadic colorectal cancer</title>
      <link>/publication/sahnane-2015/</link>
      <pubDate>Thu, 01 Jan 2015 00:00:00 +0000</pubDate>
      <guid>/publication/sahnane-2015/</guid>
      <description></description>
    </item>
    
    <item>
      <title>Beneficial bacteria isolated from grapevine inner tissues shape arabidopsis Thaliana roots</title>
      <link>/publication/baldan-2015/</link>
      <pubDate>Thu, 01 Jan 2015 00:00:00 +0000</pubDate>
      <guid>/publication/baldan-2015/</guid>
      <description></description>
    </item>
    
    <item>
      <title>Graphical modeling for gene set analysis: A critical appraisal</title>
      <link>/publication/djordjilovic-2015852/</link>
      <pubDate>Thu, 01 Jan 2015 00:00:00 +0000</pubDate>
      <guid>/publication/djordjilovic-2015852/</guid>
      <description></description>
    </item>
    
    <item>
      <title>Microsatellite unstable gastrointestinal neuroendocrine carcinomas: A new clinicopathologic entity</title>
      <link>/publication/sahnane-201535/</link>
      <pubDate>Thu, 01 Jan 2015 00:00:00 +0000</pubDate>
      <guid>/publication/sahnane-201535/</guid>
      <description></description>
    </item>
    
    <item>
      <title>Profiling cancer gene mutations in longitudinal epithelial ovarian cancer biopsies by targeted next-generation sequencing: A retrospective study</title>
      <link>/publication/beltrame-20151363/</link>
      <pubDate>Thu, 01 Jan 2015 00:00:00 +0000</pubDate>
      <guid>/publication/beltrame-20151363/</guid>
      <description></description>
    </item>
    
    <item>
      <title>Pyrosequencing and de novo assembly of Antarctic krill (Euphausia superba) transcriptome to study the adaptability of krill to climate-induced environmental changes</title>
      <link>/publication/meyer-20151460/</link>
      <pubDate>Thu, 01 Jan 2015 00:00:00 +0000</pubDate>
      <guid>/publication/meyer-20151460/</guid>
      <description></description>
    </item>
    
    <item>
      <title>Regional distribution and evolution of gray matter damage in different populations of multiple sclerosis patients</title>
      <link>/publication/calabrese-2015/</link>
      <pubDate>Thu, 01 Jan 2015 00:00:00 +0000</pubDate>
      <guid>/publication/calabrese-2015/</guid>
      <description></description>
    </item>
    
    <item>
      <title>The self-morningness/eveningness (Self-ME): An extremely concise and totally subjective assessment of diurnal preference</title>
      <link>/publication/turco-20151192/</link>
      <pubDate>Thu, 01 Jan 2015 00:00:00 +0000</pubDate>
      <guid>/publication/turco-20151192/</guid>
      <description></description>
    </item>
    
    <item>
      <title>An aberrant microRNA signature in childhood T-cell lymphoblastic lymphoma affecting CDKN1B expression, NOTCH1 and growth factor signaling pathways</title>
      <link>/publication/mussolin-20141909/</link>
      <pubDate>Wed, 01 Jan 2014 00:00:00 +0000</pubDate>
      <guid>/publication/mussolin-20141909/</guid>
      <description></description>
    </item>
    
    <item>
      <title>Analysis of differential miRNA expression in primary tumor and stroma of colorectal cancer patients</title>
      <link>/publication/della-vittoria-scarpati-2014/</link>
      <pubDate>Wed, 01 Jan 2014 00:00:00 +0000</pubDate>
      <guid>/publication/della-vittoria-scarpati-2014/</guid>
      <description></description>
    </item>
    
    <item>
      <title>Integration analysis of MicroRNA and mRNA expression profiles in human peripheral blood lymphocytes cultured in modeled microgravity</title>
      <link>/publication/girardi-2014/</link>
      <pubDate>Wed, 01 Jan 2014 00:00:00 +0000</pubDate>
      <guid>/publication/girardi-2014/</guid>
      <description></description>
    </item>
    
    <item>
      <title>Liver transcriptome analysis in gilthead sea bream upon exposure to low temperature</title>
      <link>/publication/mininni-2014/</link>
      <pubDate>Wed, 01 Jan 2014 00:00:00 +0000</pubDate>
      <guid>/publication/mininni-2014/</guid>
      <description></description>
    </item>
    
    <item>
      <title>MicroRNA-181a has a critical role in ovarian cancer progression through the regulation of the epithelial-mesenchymal transition</title>
      <link>/publication/parikh-2014/</link>
      <pubDate>Wed, 01 Jan 2014 00:00:00 +0000</pubDate>
      <guid>/publication/parikh-2014/</guid>
      <description></description>
    </item>
    
    <item>
      <title>Prognostic relevance of aberrant DNA methylation in G1 and G2 pancreatic neuroendocrine tumors</title>
      <link>/publication/stefanoli-201426/</link>
      <pubDate>Wed, 01 Jan 2014 00:00:00 +0000</pubDate>
      <guid>/publication/stefanoli-201426/</guid>
      <description></description>
    </item>
    
    <item>
      <title>Tissue-specific expression and regulatory networks of pig microRNAome</title>
      <link>/publication/martini-2014/</link>
      <pubDate>Wed, 01 Jan 2014 00:00:00 +0000</pubDate>
      <guid>/publication/martini-2014/</guid>
      <description></description>
    </item>
    
    <item>
      <title>Wiring miRNAs to pathways: A topological approach to integrate miRNA and mRNA expression profiles</title>
      <link>/publication/calura-2014/</link>
      <pubDate>Wed, 01 Jan 2014 00:00:00 +0000</pubDate>
      <guid>/publication/calura-2014/</guid>
      <description></description>
    </item>
    
    <item>
      <title>An example conference paper</title>
      <link>/publication/conference-paper/</link>
      <pubDate>Mon, 01 Jul 2013 00:00:00 +0000</pubDate>
      <guid>/publication/conference-paper/</guid>
      <description>&lt;div class=&#34;alert alert-note&#34;&gt;
  &lt;div&gt;
    Click the &lt;em&gt;Cite&lt;/em&gt; button above to demo the feature to enable visitors to import publication metadata into their reference management software.
  &lt;/div&gt;
&lt;/div&gt;
&lt;p&gt;Supplementary notes can be added here, including &lt;a href=&#34;https://sourcethemes.com/academic/docs/writing-markdown-latex/&#34; target=&#34;_blank&#34; rel=&#34;noopener&#34;&gt;code and math&lt;/a&gt;.&lt;/p&gt;
</description>
    </item>
    
    <item>
      <title>Along signal paths: An empirical gene set approach exploiting pathway topology</title>
      <link>/publication/martini-2013/</link>
      <pubDate>Tue, 01 Jan 2013 00:00:00 +0000</pubDate>
      <guid>/publication/martini-2013/</guid>
      <description></description>
    </item>
    
    <item>
      <title>Anticoagulant therapy for venous thromboembolism during pregnancy: A systematic review and a meta-analysis of the literature: A reply to a rebuttal</title>
      <link>/publication/romualdi-2013788/</link>
      <pubDate>Tue, 01 Jan 2013 00:00:00 +0000</pubDate>
      <guid>/publication/romualdi-2013788/</guid>
      <description></description>
    </item>
    
    <item>
      <title>Graphite Web: Web tool for gene set analysis exploiting pathway topology.</title>
      <link>/publication/sales-2013-w-89/</link>
      <pubDate>Tue, 01 Jan 2013 00:00:00 +0000</pubDate>
      <guid>/publication/sales-2013-w-89/</guid>
      <description></description>
    </item>
    
    <item>
      <title>Headrace tunnel of the El Alto hydropower project in Panama [Druckstollen des wasserkraftprojekts El Alto in Panama]</title>
      <link>/publication/barwart-2013301/</link>
      <pubDate>Tue, 01 Jan 2013 00:00:00 +0000</pubDate>
      <guid>/publication/barwart-2013301/</guid>
      <description></description>
    </item>
    
    <item>
      <title>Low degree of cortical pathology is associated with benign course of multiple sclerosis</title>
      <link>/publication/calabrese-2013904/</link>
      <pubDate>Tue, 01 Jan 2013 00:00:00 +0000</pubDate>
      <guid>/publication/calabrese-2013904/</guid>
      <description></description>
    </item>
    
    <item>
      <title>miR148b is a major coordinator of breast cancer progression in a relapse-associated microRNA signature by targeting ITGA5, ROCK1, PIK3CA, NRAS, and CSF1</title>
      <link>/publication/cimino-20131223/</link>
      <pubDate>Tue, 01 Jan 2013 00:00:00 +0000</pubDate>
      <guid>/publication/cimino-20131223/</guid>
      <description></description>
    </item>
    
    <item>
      <title>MiRNA landscape in stage i epithelial ovarian cancer defines the histotype specificities</title>
      <link>/publication/calura-20134114/</link>
      <pubDate>Tue, 01 Jan 2013 00:00:00 +0000</pubDate>
      <guid>/publication/calura-20134114/</guid>
      <description></description>
    </item>
    
    <item>
      <title>Resistance to platinum-based chemotherapy is associated with epithelial to mesenchymal transition in epithelial ovarian cancer</title>
      <link>/publication/marchini-2013520/</link>
      <pubDate>Tue, 01 Jan 2013 00:00:00 +0000</pubDate>
      <guid>/publication/marchini-2013520/</guid>
      <description></description>
    </item>
    
    <item>
      <title>Revertant Fibers in the mdx Murine Model of Duchenne Muscular Dystrophy: An Age- and Muscle-Related Reappraisal</title>
      <link>/publication/pigozzo-2013/</link>
      <pubDate>Tue, 01 Jan 2013 00:00:00 +0000</pubDate>
      <guid>/publication/pigozzo-2013/</guid>
      <description></description>
    </item>
    
    <item>
      <title>Synthesis of mitochondrial DNA precursors during myogenesis, an analysis in purified C2C12 myotubes</title>
      <link>/publication/frangini-20135624/</link>
      <pubDate>Tue, 01 Jan 2013 00:00:00 +0000</pubDate>
      <guid>/publication/frangini-20135624/</guid>
      <description></description>
    </item>
    
    <item>
      <title>Systems biology approach to the dissection of the complexity of regulatory networks in the S. scrofa cardiocirculatory system</title>
      <link>/publication/martini-201323160/</link>
      <pubDate>Tue, 01 Jan 2013 00:00:00 +0000</pubDate>
      <guid>/publication/martini-201323160/</guid>
      <description></description>
    </item>
    
    <item>
      <title>The changing clinical course of multiple sclerosis: A matter of gray matter</title>
      <link>/publication/calabrese-201376/</link>
      <pubDate>Tue, 01 Jan 2013 00:00:00 +0000</pubDate>
      <guid>/publication/calabrese-201376/</guid>
      <description></description>
    </item>
    
    <item>
      <title>A systems biology approach to characterize the regulatory networks leading to trabectedin resistance in an in vitro model of myxoid liposarcoma</title>
      <link>/publication/uboldi-2012/</link>
      <pubDate>Sun, 01 Jan 2012 00:00:00 +0000</pubDate>
      <guid>/publication/uboldi-2012/</guid>
      <description></description>
    </item>
    
    <item>
      <title>Consequences of heat shock protein 72 (Hsp72) expression and activity on stress-induced apoptosis in CD30 NPM-ALK anaplastic large-cell lymphomas</title>
      <link>/publication/bonvini-20121375/</link>
      <pubDate>Sun, 01 Jan 2012 00:00:00 +0000</pubDate>
      <guid>/publication/bonvini-20121375/</guid>
      <description></description>
    </item>
    
    <item>
      <title>Cortical lesion load associates with progression of disability in multiple sclerosis</title>
      <link>/publication/calabrese-20122952/</link>
      <pubDate>Sun, 01 Jan 2012 00:00:00 +0000</pubDate>
      <guid>/publication/calabrese-20122952/</guid>
      <description></description>
    </item>
    
    <item>
      <title>Cortical pathology in multiple sclerosis patients with epilepsy: A 3 year longitudinal study</title>
      <link>/publication/calabrese-201249/</link>
      <pubDate>Sun, 01 Jan 2012 00:00:00 +0000</pubDate>
      <guid>/publication/calabrese-201249/</guid>
      <description></description>
    </item>
    
    <item>
      <title>Genotype-specific mutations in the polymerase gene of hepatitis B virus potentially associated with resistance to oral antiviral therapy</title>
      <link>/publication/mirandola-2012422/</link>
      <pubDate>Sun, 01 Jan 2012 00:00:00 +0000</pubDate>
      <guid>/publication/mirandola-2012422/</guid>
      <description></description>
    </item>
    
    <item>
      <title>Graphite - a Bioconductor package to convert pathway topology to gene network</title>
      <link>/publication/sales-2012/</link>
      <pubDate>Sun, 01 Jan 2012 00:00:00 +0000</pubDate>
      <guid>/publication/sales-2012/</guid>
      <description></description>
    </item>
    
    <item>
      <title>Gray matter pathology in MS: A 3-year longitudinal study in a pediatric population</title>
      <link>/publication/calabrese-20121507/</link>
      <pubDate>Sun, 01 Jan 2012 00:00:00 +0000</pubDate>
      <guid>/publication/calabrese-20121507/</guid>
      <description></description>
    </item>
    
    <item>
      <title>MAGIA2: From miRNA and genes expression data integrative analysis to microRNA-transcription factor mixed regulatory circuits (2012 update)</title>
      <link>/publication/bisognin-2012-w-13/</link>
      <pubDate>Sun, 01 Jan 2012 00:00:00 +0000</pubDate>
      <guid>/publication/bisognin-2012-w-13/</guid>
      <description></description>
    </item>
    
    <item>
      <title>Association between miR-200c and the survival of patients with stage I epithelial ovarian cancer: A retrospective study of two independent tumour tissue collections</title>
      <link>/publication/marchini-2011273/</link>
      <pubDate>Sat, 01 Jan 2011 00:00:00 +0000</pubDate>
      <guid>/publication/marchini-2011273/</guid>
      <description></description>
    </item>
    
    <item>
      <title>Global analysis of gene expression in mineralizing fish vertebra-derived cell lines: New insights into anti-mineralogenic effect of vanadate</title>
      <link>/publication/tiago-2011/</link>
      <pubDate>Sat, 01 Jan 2011 00:00:00 +0000</pubDate>
      <guid>/publication/tiago-2011/</guid>
      <description></description>
    </item>
    
    <item>
      <title>High IGFBP2 expression correlates with tumor severity in pediatric rhabdomyosarcoma</title>
      <link>/publication/tombolan-20112611/</link>
      <pubDate>Sat, 01 Jan 2011 00:00:00 +0000</pubDate>
      <guid>/publication/tombolan-20112611/</guid>
      <description></description>
    </item>
    
    <item>
      <title>Impact of host genes and strand selection on miRNA and miRNA* expression</title>
      <link>/publication/biasiolo-2011/</link>
      <pubDate>Sat, 01 Jan 2011 00:00:00 +0000</pubDate>
      <guid>/publication/biasiolo-2011/</guid>
      <description></description>
    </item>
    
    <item>
      <title>Parmigene-a parallel R package for mutual information estimation and gene network reconstruction</title>
      <link>/publication/sales-20111876/</link>
      <pubDate>Sat, 01 Jan 2011 00:00:00 +0000</pubDate>
      <guid>/publication/sales-20111876/</guid>
      <description></description>
    </item>
    
    <item>
      <title>Precast tunnel segment in fiber reinforced concrete</title>
      <link>/publication/caratelli-2011579/</link>
      <pubDate>Sat, 01 Jan 2011 00:00:00 +0000</pubDate>
      <guid>/publication/caratelli-2011579/</guid>
      <description></description>
    </item>
    
    <item>
      <title>Statistical Test of Expression Pattern (STEPath): A new strategy to integrate gene expression data with genomic information in individual and meta-analysis studies</title>
      <link>/publication/martini-2011/</link>
      <pubDate>Sat, 01 Jan 2011 00:00:00 +0000</pubDate>
      <guid>/publication/martini-2011/</guid>
      <description></description>
    </item>
    
    <item>
      <title>The biological Connection Markup Language: A SBGN-compliant format for visualization, filtering and analysis of biological pathways</title>
      <link>/publication/beltrame-20112127/</link>
      <pubDate>Sat, 01 Jan 2011 00:00:00 +0000</pubDate>
      <guid>/publication/beltrame-20112127/</guid>
      <description></description>
    </item>
    
    <item>
      <title>Gene set analysis exploiting the topology of a pathway</title>
      <link>/publication/massa-2010/</link>
      <pubDate>Fri, 01 Jan 2010 00:00:00 +0000</pubDate>
      <guid>/publication/massa-2010/</guid>
      <description></description>
    </item>
    
    <item>
      <title>Impact of probe annotation on the integration of miRNA-mRNA expression profiles for miRNA target detection</title>
      <link>/publication/sales-2010/</link>
      <pubDate>Fri, 01 Jan 2010 00:00:00 +0000</pubDate>
      <guid>/publication/sales-2010/</guid>
      <description></description>
    </item>
    
    <item>
      <title>Magia, a web-based tool for miRNA and genes integrated analysis</title>
      <link>/publication/sales-2010-w-352/</link>
      <pubDate>Fri, 01 Jan 2010 00:00:00 +0000</pubDate>
      <guid>/publication/sales-2010-w-352/</guid>
      <description></description>
    </item>
    
    <item>
      <title>Magnetic resonance evidence of cerebellar cortical pathology in multiple sclerosis</title>
      <link>/publication/calabrese-2010401/</link>
      <pubDate>Fri, 01 Jan 2010 00:00:00 +0000</pubDate>
      <guid>/publication/calabrese-2010401/</guid>
      <description></description>
    </item>
    
    <item>
      <title>Microsatellite (GT)n is part of the von Willebrand factor (VWF) promoter region that influences the glucocorticoid-induced increase in VWF in Cushing&#39;s syndrome</title>
      <link>/publication/daidone-2010-e-275/</link>
      <pubDate>Fri, 01 Jan 2010 00:00:00 +0000</pubDate>
      <guid>/publication/daidone-2010-e-275/</guid>
      <description></description>
    </item>
    
    <item>
      <title>Pericentriolar material analyses in normal esophageal mucosa, Barrett&#39;s metaplasia and adenocarcinoma</title>
      <link>/publication/segat-2010551/</link>
      <pubDate>Fri, 01 Jan 2010 00:00:00 +0000</pubDate>
      <guid>/publication/segat-2010551/</guid>
      <description></description>
    </item>
    
    <item>
      <title>Widespread cortical thinning characterizes patients with MS with mild cognitive impairment</title>
      <link>/publication/calabrese-2010321/</link>
      <pubDate>Fri, 01 Jan 2010 00:00:00 +0000</pubDate>
      <guid>/publication/calabrese-2010321/</guid>
      <description></description>
    </item>
    
    <item>
      <title>A comparison on effects of normalisations in the detection of differentially expressed genes</title>
      <link>/publication/chiogna-2009/</link>
      <pubDate>Thu, 01 Jan 2009 00:00:00 +0000</pubDate>
      <guid>/publication/chiogna-2009/</guid>
      <description></description>
    </item>
    
    <item>
      <title>A modified LOESS normalization applied to microRNA arrays: A comparative evaluation</title>
      <link>/publication/risso-20092685/</link>
      <pubDate>Thu, 01 Jan 2009 00:00:00 +0000</pubDate>
      <guid>/publication/risso-20092685/</guid>
      <description></description>
    </item>
    
    <item>
      <title>A-MADMAN: Annotation-based microarray data meta-analysis tool</title>
      <link>/publication/bisognin-2009/</link>
      <pubDate>Thu, 01 Jan 2009 00:00:00 +0000</pubDate>
      <guid>/publication/bisognin-2009/</guid>
      <description></description>
    </item>
    
    <item>
      <title>Correlation between gene expression and clinical data through linear and nonlinear principal components analyses: Muscular dystrophies as case studies</title>
      <link>/publication/romualdi-2009173/</link>
      <pubDate>Thu, 01 Jan 2009 00:00:00 +0000</pubDate>
      <guid>/publication/romualdi-2009173/</guid>
      <description></description>
    </item>
    
    <item>
      <title>Cortical lesions in primary progressive multiple sclerosis: A 2-year longitudinal MR study</title>
      <link>/publication/calabrese-20091330/</link>
      <pubDate>Thu, 01 Jan 2009 00:00:00 +0000</pubDate>
      <guid>/publication/calabrese-20091330/</guid>
      <description></description>
    </item>
    
    <item>
      <title>Evidence for relative cortical sparing in benign multiple sclerosis: A longitudinal magnetic resonance imaging study</title>
      <link>/publication/calabrese-200936/</link>
      <pubDate>Thu, 01 Jan 2009 00:00:00 +0000</pubDate>
      <guid>/publication/calabrese-200936/</guid>
      <description></description>
    </item>
    
    <item>
      <title>Expression profiling of skeletal muscle in young bulls treated with steroidal growth promoters</title>
      <link>/publication/carraro-2009138/</link>
      <pubDate>Thu, 01 Jan 2009 00:00:00 +0000</pubDate>
      <guid>/publication/carraro-2009138/</guid>
      <description></description>
    </item>
    
    <item>
      <title>Filling gaps in PPAR-alpha signaling through comparative nutrigenomics analysis</title>
      <link>/publication/cavalieri-2009/</link>
      <pubDate>Thu, 01 Jan 2009 00:00:00 +0000</pubDate>
      <guid>/publication/cavalieri-2009/</guid>
      <description></description>
    </item>
    
    <item>
      <title>Selection of multipotent cells and enhanced muscle reconstruction by myogenic macrophage-secreted factors</title>
      <link>/publication/malerba-2009915/</link>
      <pubDate>Thu, 01 Jan 2009 00:00:00 +0000</pubDate>
      <guid>/publication/malerba-2009915/</guid>
      <description></description>
    </item>
    
    <item>
      <title>Statistical tools for gene expression analysis and systems biology and related web resources</title>
      <link>/publication/romualdi-2009181/</link>
      <pubDate>Thu, 01 Jan 2009 00:00:00 +0000</pubDate>
      <guid>/publication/romualdi-2009181/</guid>
      <description></description>
    </item>
    
    <item>
      <title>Development and validation of a gene expression oligo microarray for the gilthead sea bream (Sparus aurata)</title>
      <link>/publication/ferraresso-2008/</link>
      <pubDate>Tue, 01 Jan 2008 00:00:00 +0000</pubDate>
      <guid>/publication/ferraresso-2008/</guid>
      <description></description>
    </item>
    
    <item>
      <title>Meta-analysis of expression signatures of muscle atrophy: Gene interaction networks in early and late stages</title>
      <link>/publication/calura-2008/</link>
      <pubDate>Tue, 01 Jan 2008 00:00:00 +0000</pubDate>
      <guid>/publication/calura-2008/</guid>
      <description></description>
    </item>
    
    <item>
      <title>Morphology and evolution of cortical lesions in multiple sclerosis. A longitudinal MRI study</title>
      <link>/publication/calabrese-20081324/</link>
      <pubDate>Tue, 01 Jan 2008 00:00:00 +0000</pubDate>
      <guid>/publication/calabrese-20081324/</guid>
      <description></description>
    </item>
    
    <item>
      <title>Polymorphisms in von Willebrand factor gene promoter influence the glucocorticoid-induced increase in von Willebrand factor: The lesson learned from Cushing syndrome</title>
      <link>/publication/casonato-2008230/</link>
      <pubDate>Tue, 01 Jan 2008 00:00:00 +0000</pubDate>
      <guid>/publication/casonato-2008230/</guid>
      <description></description>
    </item>
    
    <item>
      <title>Ripening and genotype control stilbene accumulation in healthy grapes</title>
      <link>/publication/gatto-200811773/</link>
      <pubDate>Tue, 01 Jan 2008 00:00:00 +0000</pubDate>
      <guid>/publication/gatto-200811773/</guid>
      <description></description>
    </item>
    
    <item>
      <title>A global gene evolution analysis on Vibrionaceae family using phylogenetic profile</title>
      <link>/publication/vitulo-2007/</link>
      <pubDate>Mon, 01 Jan 2007 00:00:00 +0000</pubDate>
      <guid>/publication/vitulo-2007/</guid>
      <description></description>
    </item>
    
    <item>
      <title>Cortical atrophy is relevant in multiple sclerosis at clinical onset</title>
      <link>/publication/calabrese-20071212/</link>
      <pubDate>Mon, 01 Jan 2007 00:00:00 +0000</pubDate>
      <guid>/publication/calabrese-20071212/</guid>
      <description></description>
    </item>
    
    <item>
      <title>Detection of cortical inflammatory lesions by double inversion recovery magnetic resonance imaging in patients with multiple sclerosis</title>
      <link>/publication/calabrese-20071416/</link>
      <pubDate>Mon, 01 Jan 2007 00:00:00 +0000</pubDate>
      <guid>/publication/calabrese-20071416/</guid>
      <description></description>
    </item>
    
    <item>
      <title>Smokers and passive smokers gene expression profiles: Correlation with the DNA oxidation damage</title>
      <link>/publication/lodovici-2007415/</link>
      <pubDate>Mon, 01 Jan 2007 00:00:00 +0000</pubDate>
      <guid>/publication/lodovici-2007415/</guid>
      <description></description>
    </item>
    
    <item>
      <title>Defining the gene expression signature of rhabdomyosarcoma by meta-analysis</title>
      <link>/publication/romualdi-2006/</link>
      <pubDate>Sun, 01 Jan 2006 00:00:00 +0000</pubDate>
      <guid>/publication/romualdi-2006/</guid>
      <description></description>
    </item>
    
    <item>
      <title>Denervation in murine fast-twitch muscle: Short-term physiological changes and temporal expression profiling</title>
      <link>/publication/raffaello-200660/</link>
      <pubDate>Sun, 01 Jan 2006 00:00:00 +0000</pubDate>
      <guid>/publication/raffaello-200660/</guid>
      <description></description>
    </item>
    
    <item>
      <title>Development of mussel mRNA profiling: Can gene expression trends reveal coastal water pollution?</title>
      <link>/publication/venier-2006121/</link>
      <pubDate>Sun, 01 Jan 2006 00:00:00 +0000</pubDate>
      <guid>/publication/venier-2006121/</guid>
      <description></description>
    </item>
    
    <item>
      <title>Differential gene expression profiling in genetic and multifactorial cardiovascular diseases</title>
      <link>/publication/nanni-2006934/</link>
      <pubDate>Sun, 01 Jan 2006 00:00:00 +0000</pubDate>
      <guid>/publication/nanni-2006934/</guid>
      <description></description>
    </item>
    
    <item>
      <title>Expression analysis of androgen-responsive genes in the prostate of veal calves treated with anabolic hormones</title>
      <link>/publication/toffolatti-200638/</link>
      <pubDate>Sun, 01 Jan 2006 00:00:00 +0000</pubDate>
      <guid>/publication/toffolatti-200638/</guid>
      <description></description>
    </item>
    
    <item>
      <title>Expression profiling characterization of laminin α-2 positive MDC</title>
      <link>/publication/millino-2006345/</link>
      <pubDate>Sun, 01 Jan 2006 00:00:00 +0000</pubDate>
      <guid>/publication/millino-2006345/</guid>
      <description></description>
    </item>
    
    <item>
      <title>Gene expression profiling identifies potential relevant genes in alveolar rhabdomyosarcoma pathogenesis and discriminates PAX3-FKHR positive and negative tumors</title>
      <link>/publication/de-pitta-20062772/</link>
      <pubDate>Sun, 01 Jan 2006 00:00:00 +0000</pubDate>
      <guid>/publication/de-pitta-20062772/</guid>
      <description></description>
    </item>
    
    <item>
      <title>Longitudinal analysis of immune cell phenotypes in early stage multiple sclerosis: Distinctive patterns characterize MRI-active patients</title>
      <link>/publication/rinaldi-20061993/</link>
      <pubDate>Sun, 01 Jan 2006 00:00:00 +0000</pubDate>
      <guid>/publication/rinaldi-20061993/</guid>
      <description></description>
    </item>
    
    <item>
      <title>Parallel protein and transcript profiles of FSHD patient muscles correlate to the D4Z4 arrangement and reveal a common impairment of slow to fast fibre differentiation and a general deregulation of MyoD-dependent genes</title>
      <link>/publication/celegato-20065303/</link>
      <pubDate>Sun, 01 Jan 2006 00:00:00 +0000</pubDate>
      <guid>/publication/celegato-20065303/</guid>
      <description></description>
    </item>
    
    <item>
      <title>A leukemia-enriched cDNA microarray platform identifies new transcripts with relevance to the biology of pediatric acute lymphoblastic leukemia</title>
      <link>/publication/de-pitta-2005890/</link>
      <pubDate>Sat, 01 Jan 2005 00:00:00 +0000</pubDate>
      <guid>/publication/de-pitta-2005890/</guid>
      <description></description>
    </item>
    
    <item>
      <title>Life at depth: Photobacterium profundum genome sequence and expression analysis</title>
      <link>/publication/vezzi-20051459/</link>
      <pubDate>Sat, 01 Jan 2005 00:00:00 +0000</pubDate>
      <guid>/publication/vezzi-20051459/</guid>
      <description></description>
    </item>
    
    <item>
      <title>MIDAW: A web tool for statistical analysis of microarray data</title>
      <link>/publication/romualdi-2005-w-644/</link>
      <pubDate>Sat, 01 Jan 2005 00:00:00 +0000</pubDate>
      <guid>/publication/romualdi-2005-w-644/</guid>
      <description></description>
    </item>
    
    <item>
      <title>Novel genes, possibly relevant for molecular diagnosis or therapy of human rhabdomyosarcoma, detected by genomic expression profiling</title>
      <link>/publication/bortoluzzi-200565/</link>
      <pubDate>Sat, 01 Jan 2005 00:00:00 +0000</pubDate>
      <guid>/publication/bortoluzzi-200565/</guid>
      <description></description>
    </item>
    
    <item>
      <title>RAP: A new computer program for de novo identification of repeated sequences in whole genomes</title>
      <link>/publication/campagna-2005582/</link>
      <pubDate>Sat, 01 Jan 2005 00:00:00 +0000</pubDate>
      <guid>/publication/campagna-2005582/</guid>
      <description></description>
    </item>
    
    <item>
      <title>Territorial male gobies respond aggressively to sneakers but do not adjust their sperm expenditure</title>
      <link>/publication/scaggiante-20051001/</link>
      <pubDate>Sat, 01 Jan 2005 00:00:00 +0000</pubDate>
      <guid>/publication/scaggiante-20051001/</guid>
      <description></description>
    </item>
    
    <item>
      <title>Altered glucose metabolism and proteolysis in pancreatic cancer cell conditioned myoblasts: Searching for a gene expression pattern with a microarray analysis of 5000 skeletal muscle genes</title>
      <link>/publication/basso-20041159/</link>
      <pubDate>Thu, 01 Jan 2004 00:00:00 +0000</pubDate>
      <guid>/publication/basso-20041159/</guid>
      <description></description>
    </item>
    
    <item>
      <title>Disease genes and intracellular protein networks</title>
      <link>/publication/bortoluzzi-2004223/</link>
      <pubDate>Thu, 01 Jan 2004 00:00:00 +0000</pubDate>
      <guid>/publication/bortoluzzi-2004223/</guid>
      <description></description>
    </item>
    
    <item>
      <title>Application of a cDNA micoarray for the analysis of muscular dystrophies and childhood leukemias</title>
      <link>/publication/campanaro-2003235/</link>
      <pubDate>Wed, 01 Jan 2003 00:00:00 +0000</pubDate>
      <guid>/publication/campanaro-2003235/</guid>
      <description></description>
    </item>
    
    <item>
      <title>IDEG6: A web tool for detection of differentially expressed genes in multiple tag sampling experiments</title>
      <link>/publication/romualdi-2003159/</link>
      <pubDate>Wed, 01 Jan 2003 00:00:00 +0000</pubDate>
      <guid>/publication/romualdi-2003159/</guid>
      <description></description>
    </item>
    
    <item>
      <title>Improved detection of differentially expressed genes in microarray experiments through multiple scanning and image integration.</title>
      <link>/publication/romualdi-2003/</link>
      <pubDate>Wed, 01 Jan 2003 00:00:00 +0000</pubDate>
      <guid>/publication/romualdi-2003/</guid>
      <description></description>
    </item>
    
    <item>
      <title>Pattern recognition in gene expression profiling using DNA array: A comparative study of different statistical methods applied to cancer classification</title>
      <link>/publication/romualdi-2003823/</link>
      <pubDate>Wed, 01 Jan 2003 00:00:00 +0000</pubDate>
      <guid>/publication/romualdi-2003823/</guid>
      <description></description>
    </item>
    
    <item>
      <title>TRAIT (TRAnscript Integrated Table): A knowledgebase of human skeletal muscle transcripts</title>
      <link>/publication/toppo-2003661/</link>
      <pubDate>Wed, 01 Jan 2003 00:00:00 +0000</pubDate>
      <guid>/publication/toppo-2003661/</guid>
      <description></description>
    </item>
    
    <item>
      <title>Differential expression of genes coding of ribosomal proteins in different human tissues</title>
      <link>/publication/bortoluzzi-20021152/</link>
      <pubDate>Tue, 01 Jan 2002 00:00:00 +0000</pubDate>
      <guid>/publication/bortoluzzi-20021152/</guid>
      <description></description>
    </item>
    
    <item>
      <title>Gene expression profiling in dysferlinopathies using a dedicated muscle microarray</title>
      <link>/publication/campanaro-20023283/</link>
      <pubDate>Tue, 01 Jan 2002 00:00:00 +0000</pubDate>
      <guid>/publication/campanaro-20023283/</guid>
      <description></description>
    </item>
    
    <item>
      <title>Gene expression profiling in skeletal muscle using a dedicated microarray</title>
      <link>/publication/campanaro-2002273/</link>
      <pubDate>Tue, 01 Jan 2002 00:00:00 +0000</pubDate>
      <guid>/publication/campanaro-2002273/</guid>
      <description></description>
    </item>
    
    <item>
      <title>Patterns of human diversity, within and among continents, inferred from biallelic DNA polymorphisms</title>
      <link>/publication/romualdi-2002602/</link>
      <pubDate>Tue, 01 Jan 2002 00:00:00 +0000</pubDate>
      <guid>/publication/romualdi-2002602/</guid>
      <description></description>
    </item>
    
    <item>
      <title>Simplifying amino acid alphabets by means of a branch and bound algorithm and substitution matrices</title>
      <link>/publication/cannata-20021102/</link>
      <pubDate>Tue, 01 Jan 2002 00:00:00 +0000</pubDate>
      <guid>/publication/cannata-20021102/</guid>
      <description></description>
    </item>
    
    <item>
      <title>Detecting differentially expressed genes in multiple tag sampling experiments: Comparative evaluation of statistical tests</title>
      <link>/publication/romualdi-20012133/</link>
      <pubDate>Mon, 01 Jan 2001 00:00:00 +0000</pubDate>
      <guid>/publication/romualdi-20012133/</guid>
      <description></description>
    </item>
    
    <item>
      <title>Gene flow and genetic diversity: A comparison of freshwater bryozoan populations in Europe and North America</title>
      <link>/publication/freeland-2000498/</link>
      <pubDate>Sat, 01 Jan 2000 00:00:00 +0000</pubDate>
      <guid>/publication/freeland-2000498/</guid>
      <description></description>
    </item>
    
    <item>
      <title>The human adult skeletal muscle transcriptional profile reconstructed by a novel computational approach</title>
      <link>/publication/bortoluzzi-2000344/</link>
      <pubDate>Sat, 01 Jan 2000 00:00:00 +0000</pubDate>
      <guid>/publication/bortoluzzi-2000344/</guid>
      <description></description>
    </item>
    
    <item>
      <title>Probability of conception on different days of the menstrual cycle: An ongoing exercise</title>
      <link>/publication/masarotto-1997105/</link>
      <pubDate>Wed, 01 Jan 1997 00:00:00 +0000</pubDate>
      <guid>/publication/masarotto-1997105/</guid>
      <description></description>
    </item>
    
    <item>
      <title>ACUTE ABDOMEN IN CHILDHOOD. [ADDOME ACUTO NELL&#39;INFANZIA.]</title>
      <link>/publication/romualdi-1964490/</link>
      <pubDate>Wed, 01 Jan 1964 00:00:00 +0000</pubDate>
      <guid>/publication/romualdi-1964490/</guid>
      <description></description>
    </item>
    
    <item>
      <title>NEONATAL INTESTINAL OCCLUSIONS. [OCCLUSIONI INTESTINALI NEONATALI.]</title>
      <link>/publication/bergami-1964508/</link>
      <pubDate>Wed, 01 Jan 1964 00:00:00 +0000</pubDate>
      <guid>/publication/bergami-1964508/</guid>
      <description></description>
    </item>
    
    <item>
      <title></title>
      <link>/admin/config.yml</link>
      <pubDate>Mon, 01 Jan 0001 00:00:00 +0000</pubDate>
      <guid>/admin/config.yml</guid>
      <description></description>
    </item>
    
    <item>
      <title></title>
      <link>/contact/</link>
      <pubDate>Mon, 01 Jan 0001 00:00:00 +0000</pubDate>
      <guid>/contact/</guid>
      <description></description>
    </item>
    
    <item>
      <title></title>
      <link>/people/</link>
      <pubDate>Mon, 01 Jan 0001 00:00:00 +0000</pubDate>
      <guid>/people/</guid>
      <description></description>
    </item>
    
    <item>
      <title>Ovarian Cancer Genomics</title>
      <link>/research/ovarian-cancer-genomics/</link>
      <pubDate>Mon, 01 Jan 0001 00:00:00 +0000</pubDate>
      <guid>/research/ovarian-cancer-genomics/</guid>
      <description>
&lt;script src=&#34;/research/ovarian-cancer-genomics/index.en_files/header-attrs/header-attrs.js&#34;&gt;&lt;/script&gt;


&lt;p&gt;Genomic and transcriptomic landscape of early stage epithelial ovarian cancer&lt;/p&gt;
&lt;p&gt;Stage I epithelial ovarian cancer (EOC with tumor confined to the ovary) represents about 10% of all EOCs and is characterized by good prognosis. Patients are treated with upfront surgery removing the tumor without leaving residual disease, however approximately 20% of them relapse with incurable disease. Thus, the identification of the cell mechanisms involved in tumour progression and the definition of new biomarkers is an urgent need. Better prognostic parameters will allow a more targeted selection of patients for postsurgical adjuvant chemotherapy avoiding unnecessary overtreatment to those patients who presumably will not relapse after surgical removal of the tumour. However, as it occurs less frequently than advanced-stage EOC, stage I EOC molecular features have not been thoroughly investigated.&lt;/p&gt;
&lt;p&gt;It is now widely recognised that the unravelling of the biology and pathophysiology of cancer can be better address integrating results from different disciplines into the well-known system medicine perspective. Here we propose to unravel the molecular complexity of stage I EOC through the combination of high-throughput screenings, bioinformatics and statistical analyses as well as well-focused molecular biology experiments with the aim to identify molecular prognostic fingerprints of the disease.&lt;/p&gt;
</description>
    </item>
    
    <item>
      <title>Projects</title>
      <link>/projects/</link>
      <pubDate>Mon, 01 Jan 0001 00:00:00 +0000</pubDate>
      <guid>/projects/</guid>
      <description></description>
    </item>
    
  </channel>
</rss>
