<?xml version="1.0" encoding="utf-8" standalone="yes" ?>
<rss version="2.0" xmlns:atom="http://www.w3.org/2005/Atom">
  <channel>
    <title>Research Projects | Romualdi Lab</title>
    <link>/research/</link>
      <atom:link href="/research/index.xml" rel="self" type="application/rss+xml" />
    <description>Research Projects</description>
    <generator>Wowchemy (https://wowchemy.com)</generator><language>en-us</language><copyright>© Research Group</copyright><lastBuildDate>Tue, 01 Dec 2020 21:13:14 -0500</lastBuildDate>
    <image>
      <url>/images/icon_hud8b169d6400d4e9e77db720aa3284c6d_12325_512x512_fill_lanczos_center_2.png</url>
      <title>Research Projects</title>
      <link>/research/</link>
    </image>
    
    <item>
      <title>Hello R Markdown</title>
      <link>/research/2020-12-01-r-rmarkdown/</link>
      <pubDate>Tue, 01 Dec 2020 21:13:14 -0500</pubDate>
      <guid>/research/2020-12-01-r-rmarkdown/</guid>
      <description>
&lt;script src=&#34;/research/2020-12-01-r-rmarkdown/index.en_files/header-attrs/header-attrs.js&#34;&gt;&lt;/script&gt;


&lt;div id=&#34;r-markdown&#34; class=&#34;section level1&#34;&gt;
&lt;h1&gt;R Markdown&lt;/h1&gt;
&lt;p&gt;This is an R Markdown document. Markdown is a simple formatting syntax for authoring HTML, PDF, and MS Word documents. For more details on using R Markdown see &lt;a href=&#34;http://rmarkdown.rstudio.com&#34; class=&#34;uri&#34;&gt;http://rmarkdown.rstudio.com&lt;/a&gt;.&lt;/p&gt;
&lt;p&gt;You can embed an R code chunk like this:&lt;/p&gt;
&lt;pre class=&#34;r&#34;&gt;&lt;code&gt;summary(cars)
##      speed           dist       
##  Min.   : 4.0   Min.   :  2.00  
##  1st Qu.:12.0   1st Qu.: 26.00  
##  Median :15.0   Median : 36.00  
##  Mean   :15.4   Mean   : 42.98  
##  3rd Qu.:19.0   3rd Qu.: 56.00  
##  Max.   :25.0   Max.   :120.00
fit &amp;lt;- lm(dist ~ speed, data = cars)
fit
## 
## Call:
## lm(formula = dist ~ speed, data = cars)
## 
## Coefficients:
## (Intercept)        speed  
##     -17.579        3.932&lt;/code&gt;&lt;/pre&gt;
&lt;/div&gt;
&lt;div id=&#34;including-plots&#34; class=&#34;section level1&#34;&gt;
&lt;h1&gt;Including Plots&lt;/h1&gt;
&lt;p&gt;You can also embed plots. See Figure &lt;a href=&#34;#fig:pie&#34;&gt;1&lt;/a&gt; for example:&lt;/p&gt;
&lt;pre class=&#34;r&#34;&gt;&lt;code&gt;par(mar = c(0, 1, 0, 1))
pie(
  c(280, 60, 20),
  c(&amp;#39;Sky&amp;#39;, &amp;#39;Sunny side of pyramid&amp;#39;, &amp;#39;Shady side of pyramid&amp;#39;),
  col = c(&amp;#39;#0292D8&amp;#39;, &amp;#39;#F7EA39&amp;#39;, &amp;#39;#C4B632&amp;#39;),
  init.angle = -50, border = NA
)&lt;/code&gt;&lt;/pre&gt;
&lt;div class=&#34;figure&#34;&gt;&lt;span id=&#34;fig:pie&#34;&gt;&lt;/span&gt;
&lt;img src=&#34;/research/2020-12-01-r-rmarkdown/index.en_files/figure-html/pie-1.png&#34; alt=&#34;A fancy pie chart.&#34; width=&#34;672&#34; /&gt;
&lt;p class=&#34;caption&#34;&gt;
Figure 1: A fancy pie chart.
&lt;/p&gt;
&lt;/div&gt;
&lt;/div&gt;
</description>
    </item>
    
    <item>
      <title>Jian Yang and Monica Hall Win the Best Paper Award at Wowchemy 2020</title>
      <link>/research/20-12-02-icml-best-paper/</link>
      <pubDate>Wed, 02 Dec 2020 00:00:00 +0000</pubDate>
      <guid>/research/20-12-02-icml-best-paper/</guid>
      <description>&lt;p&gt;Congratulations to Jian Yang and Monica Hall for winning the Best Paper Award at the 2020 Conference on Wowchemy for their paper “Learning Wowchemy”.&lt;/p&gt;
&lt;p&gt;Lorem ipsum dolor sit amet, consectetur adipiscing elit. Integer tempus augue non tempor egestas. Proin nisl nunc, dignissim in accumsan dapibus, auctor ullamcorper neque. Quisque at elit felis. Vestibulum ante ipsum primis in faucibus orci luctus et ultrices posuere cubilia curae; Aenean eget elementum odio. Cras interdum eget risus sit amet aliquet. In volutpat, nisl ut fringilla dignissim, arcu nisl suscipit ante, at accumsan sapien nisl eu eros.&lt;/p&gt;
&lt;p&gt;Sed eu dui nec ligula bibendum dapibus. Nullam imperdiet auctor tortor, vel cursus mauris malesuada non. Quisque ultrices euismod dapibus. Aenean sed gravida risus. Sed nisi tortor, vulputate nec quam non, placerat porta nisl. Nunc varius lobortis urna, condimentum facilisis ipsum molestie eu. Ut molestie eleifend ligula sed dignissim. Duis ut tellus turpis. Praesent tincidunt, nunc sed congue malesuada, mauris enim maximus massa, eget interdum turpis urna et ante. Morbi sem nisl, cursus quis mollis et, interdum luctus augue. Aliquam laoreet, leo et accumsan tincidunt, libero neque aliquet lectus, a ultricies lorem mi a orci.&lt;/p&gt;
&lt;p&gt;Mauris dapibus sem vel magna convallis laoreet. Donec in venenatis urna, vitae sodales odio. Praesent tortor diam, varius non luctus nec, bibendum vel est. Quisque id sem enim. Maecenas at est leo. Vestibulum tristique pellentesque ex, blandit placerat nunc eleifend sit amet. Fusce eget lectus bibendum, accumsan mi quis, luctus sem. Etiam vitae nulla scelerisque, eleifend odio in, euismod quam. Etiam porta ullamcorper massa, vitae gravida turpis euismod quis. Mauris sodales sem ac ultrices viverra. In placerat ultrices sapien. Suspendisse eu arcu hendrerit, luctus tortor cursus, maximus dolor. Proin et velit et quam gravida dapibus. Donec blandit justo ut consequat tristique.&lt;/p&gt;</description>
    </item>
    
    <item>
      <title>Richard Hendricks Wins First Place in the Wowchemy Prize</title>
      <link>/research/20-12-01-wowchemy-prize/</link>
      <pubDate>Tue, 01 Dec 2020 00:00:00 +0000</pubDate>
      <guid>/research/20-12-01-wowchemy-prize/</guid>
      <description>&lt;p&gt;Congratulations to Richard Hendricks for winning first place in the Wowchemy Prize.&lt;/p&gt;
&lt;p&gt;Lorem ipsum dolor sit amet, consectetur adipiscing elit. Integer tempus augue non tempor egestas. Proin nisl nunc, dignissim in accumsan dapibus, auctor ullamcorper neque. Quisque at elit felis. Vestibulum ante ipsum primis in faucibus orci luctus et ultrices posuere cubilia curae; Aenean eget elementum odio. Cras interdum eget risus sit amet aliquet. In volutpat, nisl ut fringilla dignissim, arcu nisl suscipit ante, at accumsan sapien nisl eu eros.&lt;/p&gt;
&lt;p&gt;Sed eu dui nec ligula bibendum dapibus. Nullam imperdiet auctor tortor, vel cursus mauris malesuada non. Quisque ultrices euismod dapibus. Aenean sed gravida risus. Sed nisi tortor, vulputate nec quam non, placerat porta nisl. Nunc varius lobortis urna, condimentum facilisis ipsum molestie eu. Ut molestie eleifend ligula sed dignissim. Duis ut tellus turpis. Praesent tincidunt, nunc sed congue malesuada, mauris enim maximus massa, eget interdum turpis urna et ante. Morbi sem nisl, cursus quis mollis et, interdum luctus augue. Aliquam laoreet, leo et accumsan tincidunt, libero neque aliquet lectus, a ultricies lorem mi a orci.&lt;/p&gt;
&lt;p&gt;Mauris dapibus sem vel magna convallis laoreet. Donec in venenatis urna, vitae sodales odio. Praesent tortor diam, varius non luctus nec, bibendum vel est. Quisque id sem enim. Maecenas at est leo. Vestibulum tristique pellentesque ex, blandit placerat nunc eleifend sit amet. Fusce eget lectus bibendum, accumsan mi quis, luctus sem. Etiam vitae nulla scelerisque, eleifend odio in, euismod quam. Etiam porta ullamcorper massa, vitae gravida turpis euismod quis. Mauris sodales sem ac ultrices viverra. In placerat ultrices sapien. Suspendisse eu arcu hendrerit, luctus tortor cursus, maximus dolor. Proin et velit et quam gravida dapibus. Donec blandit justo ut consequat tristique.&lt;/p&gt;</description>
    </item>
    
    <item>
      <title>Ovarian Cancer Genomics</title>
      <link>/research/ovarian-cancer-genomics/</link>
      <pubDate>Mon, 01 Jan 0001 00:00:00 +0000</pubDate>
      <guid>/research/ovarian-cancer-genomics/</guid>
      <description>
&lt;script src=&#34;/research/ovarian-cancer-genomics/index.en_files/header-attrs/header-attrs.js&#34;&gt;&lt;/script&gt;


&lt;p&gt;Genomic and transcriptomic landscape of early stage epithelial ovarian cancer&lt;/p&gt;
&lt;p&gt;Stage I epithelial ovarian cancer (EOC with tumor confined to the ovary) represents about 10% of all EOCs and is characterized by good prognosis. Patients are treated with upfront surgery removing the tumor without leaving residual disease, however approximately 20% of them relapse with incurable disease. Thus, the identification of the cell mechanisms involved in tumour progression and the definition of new biomarkers is an urgent need. Better prognostic parameters will allow a more targeted selection of patients for postsurgical adjuvant chemotherapy avoiding unnecessary overtreatment to those patients who presumably will not relapse after surgical removal of the tumour. However, as it occurs less frequently than advanced-stage EOC, stage I EOC molecular features have not been thoroughly investigated.&lt;/p&gt;
&lt;p&gt;It is now widely recognised that the unravelling of the biology and pathophysiology of cancer can be better address integrating results from different disciplines into the well-known system medicine perspective. Here we propose to unravel the molecular complexity of stage I EOC through the combination of high-throughput screenings, bioinformatics and statistical analyses as well as well-focused molecular biology experiments with the aim to identify molecular prognostic fingerprints of the disease.&lt;/p&gt;
</description>
    </item>
    
  </channel>
</rss>
